requirement_id,group_id,group_name,source_text,source_optional,owner_group,milestone_range,acceptance_class,blueprint_sections,parent_acceptance_contract,status,desktop_status,tablet_status,phone_status,ticket_ids,evidence_links,director_disposition
R01.001,R01,Core Card & Rules Platform,Complete machine-readable card database.,false,RULE + CONTENT,M0–M5,rules/content,§6,"Complete declared catalog, identity mappings, versioned rules/errata/legality and certified effects/choices/visibility.",planned_unverified,pending,pending,pending,,,
R01.002,R01,Core Card & Rules Platform,Every printing mapped to its underlying gameplay identity.,false,RULE + CONTENT,M0–M5,rules/content,§6,"Complete declared catalog, identity mappings, versioned rules/errata/legality and certified effects/choices/visibility.",planned_unverified,pending,pending,pending,,,
R01.003,R01,Core Card & Rules Platform,"Card name, cost, inkability, ink color, classifications, strength, willpower, lore, abilities, keywords, flavor text, artist, set, collector number and rarity.",false,RULE + CONTENT,M0–M5,rules/content,§6,"Complete declared catalog, identity mappings, versioned rules/errata/legality and certified effects/choices/visibility.",planned_unverified,pending,pending,pending,,,
R01.004,R01,Core Card & Rules Platform,"Separate card **printing** from card **game object**, so alternate art/reprints don’t create duplicate rules implementations.",false,RULE + CONTENT,M0–M5,rules/content,§6,"Complete declared catalog, identity mappings, versioned rules/errata/legality and certified effects/choices/visibility.",planned_unverified,pending,pending,pending,,,
R01.005,R01,Core Card & Rules Platform,Full Comprehensive Rules represented programmatically.,false,RULE + CONTENT,M0–M5,rules/content,§6,"Complete declared catalog, identity mappings, versioned rules/errata/legality and certified effects/choices/visibility.",planned_unverified,pending,pending,pending,,,
R01.006,R01,Core Card & Rules Platform,Rule-version history.,false,RULE + CONTENT,M0–M5,rules/content,§6,"Complete declared catalog, identity mappings, versioned rules/errata/legality and certified effects/choices/visibility.",planned_unverified,pending,pending,pending,,,
R01.007,R01,Core Card & Rules Platform,Errata system.,false,RULE + CONTENT,M0–M5,rules/content,§6,"Complete declared catalog, identity mappings, versioned rules/errata/legality and certified effects/choices/visibility.",planned_unverified,pending,pending,pending,,,
R01.008,R01,Core Card & Rules Platform,Card-ruling database.,false,RULE + CONTENT,M0–M5,rules/content,§6,"Complete declared catalog, identity mappings, versioned rules/errata/legality and certified effects/choices/visibility.",planned_unverified,pending,pending,pending,,,
R01.009,R01,Core Card & Rules Platform,Keyword definitions.,false,RULE + CONTENT,M0–M5,rules/content,§6,"Complete declared catalog, identity mappings, versioned rules/errata/legality and certified effects/choices/visibility.",planned_unverified,pending,pending,pending,,,
R01.010,R01,Core Card & Rules Platform,Ability parser / scripting framework.,false,RULE + CONTENT,M0–M5,rules/content,§6,"Complete declared catalog, identity mappings, versioned rules/errata/legality and certified effects/choices/visibility.",planned_unverified,pending,pending,pending,,,
R01.011,R01,Core Card & Rules Platform,Trigger system.,false,RULE + CONTENT,M0–M5,rules/content,§6,"Complete declared catalog, identity mappings, versioned rules/errata/legality and certified effects/choices/visibility.",planned_unverified,pending,pending,pending,,,
R01.012,R01,Core Card & Rules Platform,replacement effects.,false,RULE + CONTENT,M0–M5,rules/content,§6,"Complete declared catalog, identity mappings, versioned rules/errata/legality and certified effects/choices/visibility.",planned_unverified,pending,pending,pending,,,
R01.013,R01,Core Card & Rules Platform,continuous/static effects.,false,RULE + CONTENT,M0–M5,rules/content,§6,"Complete declared catalog, identity mappings, versioned rules/errata/legality and certified effects/choices/visibility.",planned_unverified,pending,pending,pending,,,
R01.014,R01,Core Card & Rules Platform,delayed effects.,false,RULE + CONTENT,M0–M5,rules/content,§6,"Complete declared catalog, identity mappings, versioned rules/errata/legality and certified effects/choices/visibility.",planned_unverified,pending,pending,pending,,,
R01.015,R01,Core Card & Rules Platform,conditional effects.,false,RULE + CONTENT,M0–M5,rules/content,§6,"Complete declared catalog, identity mappings, versioned rules/errata/legality and certified effects/choices/visibility.",planned_unverified,pending,pending,pending,,,
R01.016,R01,Core Card & Rules Platform,player choice system.,false,RULE + CONTENT,M0–M5,rules/content,§6,"Complete declared catalog, identity mappings, versioned rules/errata/legality and certified effects/choices/visibility.",planned_unverified,pending,pending,pending,,,
R01.017,R01,Core Card & Rules Platform,target/selection rules.,false,RULE + CONTENT,M0–M5,rules/content,§6,"Complete declared catalog, identity mappings, versioned rules/errata/legality and certified effects/choices/visibility.",planned_unverified,pending,pending,pending,,,
R01.018,R01,Core Card & Rules Platform,randomization.,false,RULE + CONTENT,M0–M5,rules/content,§6,"Complete declared catalog, identity mappings, versioned rules/errata/legality and certified effects/choices/visibility.",planned_unverified,pending,pending,pending,,,
R01.019,R01,Core Card & Rules Platform,zone movement.,false,RULE + CONTENT,M0–M5,rules/content,§6,"Complete declared catalog, identity mappings, versioned rules/errata/legality and certified effects/choices/visibility.",planned_unverified,pending,pending,pending,,,
R01.020,R01,Core Card & Rules Platform,card visibility rules.,false,RULE + CONTENT,M0–M5,rules/content,§6,"Complete declared catalog, identity mappings, versioned rules/errata/legality and certified effects/choices/visibility.",planned_unverified,pending,pending,pending,,,
R01.021,R01,Core Card & Rules Platform,timing and resolution engine.,false,RULE + CONTENT,M0–M5,rules/content,§6,"Complete declared catalog, identity mappings, versioned rules/errata/legality and certified effects/choices/visibility.",planned_unverified,pending,pending,pending,,,
R01.022,R01,Core Card & Rules Platform,legality engine.,false,RULE + CONTENT,M0–M5,rules/content,§6,"Complete declared catalog, identity mappings, versioned rules/errata/legality and certified effects/choices/visibility.",planned_unverified,pending,pending,pending,,,
R01.023,R01,Core Card & Rules Platform,Core Constructed rotation.,false,RULE + CONTENT,M0–M5,rules/content,§6,"Complete declared catalog, identity mappings, versioned rules/errata/legality and certified effects/choices/visibility.",planned_unverified,pending,pending,pending,,,
R01.024,R01,Core Card & Rules Platform,Infinity Constructed legality.,false,RULE + CONTENT,M0–M5,rules/content,§6,"Complete declared catalog, identity mappings, versioned rules/errata/legality and certified effects/choices/visibility.",planned_unverified,pending,pending,pending,,,
R01.025,R01,Core Card & Rules Platform,banned/restricted-card support.,false,RULE + CONTENT,M0–M5,rules/content,§6,"Complete declared catalog, identity mappings, versioned rules/errata/legality and certified effects/choices/visibility.",planned_unverified,pending,pending,pending,,,
R01.026,R01,Core Card & Rules Platform,future-format support without rewriting the engine.,false,RULE + CONTENT,M0–M5,rules/content,§6,"Complete declared catalog, identity mappings, versioned rules/errata/legality and certified effects/choices/visibility.",planned_unverified,pending,pending,pending,,,
R02.001,R02,Actual Match Engine,Two-player game sessions.,false,RULE + PLAY,M1–M3,match authority,§7,"All listed actions/endings, clocks, durable commands, synchronization and recovery; no unauthorized state.",planned_unverified,pending,pending,pending,,,
R02.002,R02,Actual Match Engine,Opening hand.,false,RULE + PLAY,M1–M3,match authority,§7,"All listed actions/endings, clocks, durable commands, synchronization and recovery; no unauthorized state.",planned_unverified,pending,pending,pending,,,
R02.003,R02,Actual Match Engine,Mulligan/redraw.,false,RULE + PLAY,M1–M3,match authority,§7,"All listed actions/endings, clocks, durable commands, synchronization and recovery; no unauthorized state.",planned_unverified,pending,pending,pending,,,
R02.004,R02,Actual Match Engine,Draw phase.,false,RULE + PLAY,M1–M3,match authority,§7,"All listed actions/endings, clocks, durable commands, synchronization and recovery; no unauthorized state.",planned_unverified,pending,pending,pending,,,
R02.005,R02,Actual Match Engine,Ready/Set/Draw structure.,false,RULE + PLAY,M1–M3,match authority,§7,"All listed actions/endings, clocks, durable commands, synchronization and recovery; no unauthorized state.",planned_unverified,pending,pending,pending,,,
R02.006,R02,Actual Match Engine,Inkwell.,false,RULE + PLAY,M1–M3,match authority,§7,"All listed actions/endings, clocks, durable commands, synchronization and recovery; no unauthorized state.",planned_unverified,pending,pending,pending,,,
R02.007,R02,Actual Match Engine,playable-card validation.,false,RULE + PLAY,M1–M3,match authority,§7,"All listed actions/endings, clocks, durable commands, synchronization and recovery; no unauthorized state.",planned_unverified,pending,pending,pending,,,
R02.008,R02,Actual Match Engine,character play.,false,RULE + PLAY,M1–M3,match authority,§7,"All listed actions/endings, clocks, durable commands, synchronization and recovery; no unauthorized state.",planned_unverified,pending,pending,pending,,,
R02.009,R02,Actual Match Engine,item play.,false,RULE + PLAY,M1–M3,match authority,§7,"All listed actions/endings, clocks, durable commands, synchronization and recovery; no unauthorized state.",planned_unverified,pending,pending,pending,,,
R02.010,R02,Actual Match Engine,action play.,false,RULE + PLAY,M1–M3,match authority,§7,"All listed actions/endings, clocks, durable commands, synchronization and recovery; no unauthorized state.",planned_unverified,pending,pending,pending,,,
R02.011,R02,Actual Match Engine,song mechanics.,false,RULE + PLAY,M1–M3,match authority,§7,"All listed actions/endings, clocks, durable commands, synchronization and recovery; no unauthorized state.",planned_unverified,pending,pending,pending,,,
R02.012,R02,Actual Match Engine,locations.,false,RULE + PLAY,M1–M3,match authority,§7,"All listed actions/endings, clocks, durable commands, synchronization and recovery; no unauthorized state.",planned_unverified,pending,pending,pending,,,
R02.013,R02,Actual Match Engine,questing.,false,RULE + PLAY,M1–M3,match authority,§7,"All listed actions/endings, clocks, durable commands, synchronization and recovery; no unauthorized state.",planned_unverified,pending,pending,pending,,,
R02.014,R02,Actual Match Engine,challenges.,false,RULE + PLAY,M1–M3,match authority,§7,"All listed actions/endings, clocks, durable commands, synchronization and recovery; no unauthorized state.",planned_unverified,pending,pending,pending,,,
R02.015,R02,Actual Match Engine,damage.,false,RULE + PLAY,M1–M3,match authority,§7,"All listed actions/endings, clocks, durable commands, synchronization and recovery; no unauthorized state.",planned_unverified,pending,pending,pending,,,
R02.016,R02,Actual Match Engine,banishment.,false,RULE + PLAY,M1–M3,match authority,§7,"All listed actions/endings, clocks, durable commands, synchronization and recovery; no unauthorized state.",planned_unverified,pending,pending,pending,,,
R02.017,R02,Actual Match Engine,lore accumulation.,false,RULE + PLAY,M1–M3,match authority,§7,"All listed actions/endings, clocks, durable commands, synchronization and recovery; no unauthorized state.",planned_unverified,pending,pending,pending,,,
R02.018,R02,Actual Match Engine,exert/ready state.,false,RULE + PLAY,M1–M3,match authority,§7,"All listed actions/endings, clocks, durable commands, synchronization and recovery; no unauthorized state.",planned_unverified,pending,pending,pending,,,
R02.019,R02,Actual Match Engine,Shift and similar alternate-cost systems.,false,RULE + PLAY,M1–M3,match authority,§7,"All listed actions/endings, clocks, durable commands, synchronization and recovery; no unauthorized state.",planned_unverified,pending,pending,pending,,,
R02.020,R02,Actual Match Engine,triggered ability queue.,false,RULE + PLAY,M1–M3,match authority,§7,"All listed actions/endings, clocks, durable commands, synchronization and recovery; no unauthorized state.",planned_unverified,pending,pending,pending,,,
R02.021,R02,Actual Match Engine,simultaneous effects.,false,RULE + PLAY,M1–M3,match authority,§7,"All listed actions/endings, clocks, durable commands, synchronization and recovery; no unauthorized state.",planned_unverified,pending,pending,pending,,,
R02.022,R02,Actual Match Engine,effect ordering.,false,RULE + PLAY,M1–M3,match authority,§7,"All listed actions/endings, clocks, durable commands, synchronization and recovery; no unauthorized state.",planned_unverified,pending,pending,pending,,,
R02.023,R02,Actual Match Engine,mandatory vs optional effects.,false,RULE + PLAY,M1–M3,match authority,§7,"All listed actions/endings, clocks, durable commands, synchronization and recovery; no unauthorized state.",planned_unverified,pending,pending,pending,,,
R02.024,R02,Actual Match Engine,player selections.,false,RULE + PLAY,M1–M3,match authority,§7,"All listed actions/endings, clocks, durable commands, synchronization and recovery; no unauthorized state.",planned_unverified,pending,pending,pending,,,
R02.025,R02,Actual Match Engine,reveal/search/look-at mechanics.,false,RULE + PLAY,M1–M3,match authority,§7,"All listed actions/endings, clocks, durable commands, synchronization and recovery; no unauthorized state.",planned_unverified,pending,pending,pending,,,
R02.026,R02,Actual Match Engine,shuffling.,false,RULE + PLAY,M1–M3,match authority,§7,"All listed actions/endings, clocks, durable commands, synchronization and recovery; no unauthorized state.",planned_unverified,pending,pending,pending,,,
R02.027,R02,Actual Match Engine,deck depletion.,false,RULE + PLAY,M1–M3,match authority,§7,"All listed actions/endings, clocks, durable commands, synchronization and recovery; no unauthorized state.",planned_unverified,pending,pending,pending,,,
R02.028,R02,Actual Match Engine,victory/loss/draw detection.,false,RULE + PLAY,M1–M3,match authority,§7,"All listed actions/endings, clocks, durable commands, synchronization and recovery; no unauthorized state.",planned_unverified,pending,pending,pending,,,
R02.029,R02,Actual Match Engine,conceding.,false,RULE + PLAY,M1–M3,match authority,§7,"All listed actions/endings, clocks, durable commands, synchronization and recovery; no unauthorized state.",planned_unverified,pending,pending,pending,,,
R02.030,R02,Actual Match Engine,match timer.,false,RULE + PLAY,M1–M3,match authority,§7,"All listed actions/endings, clocks, durable commands, synchronization and recovery; no unauthorized state.",planned_unverified,pending,pending,pending,,,
R02.031,R02,Actual Match Engine,reconnect handling.,false,RULE + PLAY,M1–M3,match authority,§7,"All listed actions/endings, clocks, durable commands, synchronization and recovery; no unauthorized state.",planned_unverified,pending,pending,pending,,,
R02.032,R02,Actual Match Engine,game-state synchronization.,false,RULE + PLAY,M1–M3,match authority,§7,"All listed actions/endings, clocks, durable commands, synchronization and recovery; no unauthorized state.",planned_unverified,pending,pending,pending,,,
R02.033,R02,Actual Match Engine,deterministic event logging.,false,RULE + PLAY,M1–M3,match authority,§7,"All listed actions/endings, clocks, durable commands, synchronization and recovery; no unauthorized state.",planned_unverified,pending,pending,pending,,,
R02.034,R02,Actual Match Engine,server-authoritative state so clients cannot cheat.,false,RULE + PLAY,M1–M3,match authority,§7,"All listed actions/endings, clocks, durable commands, synchronization and recovery; no unauthorized state.",planned_unverified,pending,pending,pending,,,
R03.001,R03,Deckbuilder,"Create, rename, clone and delete decks.",false,CLIENT + RULE,M2–M3,deck interaction,§6/§10/§11,"Editing, search, statistics, imports, sharing and printing selection round-trip; separate format and ownership validation.",planned_unverified,pending,pending,pending,,,
R03.002,R03,Deckbuilder,Drag-and-drop or tap deck editing.,false,CLIENT + RULE,M2–M3,deck interaction,§6/§10/§11,"Editing, search, statistics, imports, sharing and printing selection round-trip; separate format and ownership validation.",planned_unverified,pending,pending,pending,,,
R03.003,R03,Deckbuilder,Search.,false,CLIENT + RULE,M2–M3,deck interaction,§6/§10/§11,"Editing, search, statistics, imports, sharing and printing selection round-trip; separate format and ownership validation.",planned_unverified,pending,pending,pending,,,
R03.004,R03,Deckbuilder,"filtering by ink, cost, type, set, rarity, franchise, keyword, classification, artist, legality, ownership, etc.",false,CLIENT + RULE,M2–M3,deck interaction,§6/§10/§11,"Editing, search, statistics, imports, sharing and printing selection round-trip; separate format and ownership validation.",planned_unverified,pending,pending,pending,,,
R03.005,R03,Deckbuilder,Sort by mana/ink curve.,false,CLIENT + RULE,M2–M3,deck interaction,§6/§10/§11,"Editing, search, statistics, imports, sharing and printing selection round-trip; separate format and ownership validation.",planned_unverified,pending,pending,pending,,,
R03.006,R03,Deckbuilder,deck statistics.,false,CLIENT + RULE,M2–M3,deck interaction,§6/§10/§11,"Editing, search, statistics, imports, sharing and printing selection round-trip; separate format and ownership validation.",planned_unverified,pending,pending,pending,,,
R03.007,R03,Deckbuilder,inkable/non-inkable count.,false,CLIENT + RULE,M2–M3,deck interaction,§6/§10/§11,"Editing, search, statistics, imports, sharing and printing selection round-trip; separate format and ownership validation.",planned_unverified,pending,pending,pending,,,
R03.008,R03,Deckbuilder,character/action/item/location/song counts.,false,CLIENT + RULE,M2–M3,deck interaction,§6/§10/§11,"Editing, search, statistics, imports, sharing and printing selection round-trip; separate format and ownership validation.",planned_unverified,pending,pending,pending,,,
R03.009,R03,Deckbuilder,color distribution.,false,CLIENT + RULE,M2–M3,deck interaction,§6/§10/§11,"Editing, search, statistics, imports, sharing and printing selection round-trip; separate format and ownership validation.",planned_unverified,pending,pending,pending,,,
R03.010,R03,Deckbuilder,cost curve.,false,CLIENT + RULE,M2–M3,deck interaction,§6/§10/§11,"Editing, search, statistics, imports, sharing and printing selection round-trip; separate format and ownership validation.",planned_unverified,pending,pending,pending,,,
R03.011,R03,Deckbuilder,card draw/search statistics.,false,CLIENT + RULE,M2–M3,deck interaction,§6/§10/§11,"Editing, search, statistics, imports, sharing and printing selection round-trip; separate format and ownership validation.",planned_unverified,pending,pending,pending,,,
R03.012,R03,Deckbuilder,deck validation.,false,CLIENT + RULE,M2–M3,deck interaction,§6/§10/§11,"Editing, search, statistics, imports, sharing and printing selection round-trip; separate format and ownership validation.",planned_unverified,pending,pending,pending,,,
R03.013,R03,Deckbuilder,format validation.,false,CLIENT + RULE,M2–M3,deck interaction,§6/§10/§11,"Editing, search, statistics, imports, sharing and printing selection round-trip; separate format and ownership validation.",planned_unverified,pending,pending,pending,,,
R03.014,R03,Deckbuilder,warning vs hard-error distinction.,false,CLIENT + RULE,M2–M3,deck interaction,§6/§10/§11,"Editing, search, statistics, imports, sharing and printing selection round-trip; separate format and ownership validation.",planned_unverified,pending,pending,pending,,,
R03.015,R03,Deckbuilder,deck notes.,false,CLIENT + RULE,M2–M3,deck interaction,§6/§10/§11,"Editing, search, statistics, imports, sharing and printing selection round-trip; separate format and ownership validation.",planned_unverified,pending,pending,pending,,,
R03.016,R03,Deckbuilder,deck folders.,false,CLIENT + RULE,M2–M3,deck interaction,§6/§10/§11,"Editing, search, statistics, imports, sharing and printing selection round-trip; separate format and ownership validation.",planned_unverified,pending,pending,pending,,,
R03.017,R03,Deckbuilder,favorite decks.,false,CLIENT + RULE,M2–M3,deck interaction,§6/§10/§11,"Editing, search, statistics, imports, sharing and printing selection round-trip; separate format and ownership validation.",planned_unverified,pending,pending,pending,,,
R03.018,R03,Deckbuilder,deck tags.,false,CLIENT + RULE,M2–M3,deck interaction,§6/§10/§11,"Editing, search, statistics, imports, sharing and printing selection round-trip; separate format and ownership validation.",planned_unverified,pending,pending,pending,,,
R03.019,R03,Deckbuilder,import/export.,false,CLIENT + RULE,M2–M3,deck interaction,§6/§10/§11,"Editing, search, statistics, imports, sharing and printing selection round-trip; separate format and ownership validation.",planned_unverified,pending,pending,pending,,,
R03.020,R03,Deckbuilder,clipboard decklists.,false,CLIENT + RULE,M2–M3,deck interaction,§6/§10/§11,"Editing, search, statistics, imports, sharing and printing selection round-trip; separate format and ownership validation.",planned_unverified,pending,pending,pending,,,
R03.021,R03,Deckbuilder,shareable deck URLs/codes.,false,CLIENT + RULE,M2–M3,deck interaction,§6/§10/§11,"Editing, search, statistics, imports, sharing and printing selection round-trip; separate format and ownership validation.",planned_unverified,pending,pending,pending,,,
R03.022,R03,Deckbuilder,JSON import/export.,false,CLIENT + RULE,M2–M3,deck interaction,§6/§10/§11,"Editing, search, statistics, imports, sharing and printing selection round-trip; separate format and ownership validation.",planned_unverified,pending,pending,pending,,,
R03.023,R03,Deckbuilder,tournament decklist output.,false,CLIENT + RULE,M2–M3,deck interaction,§6/§10/§11,"Editing, search, statistics, imports, sharing and printing selection round-trip; separate format and ownership validation.",planned_unverified,pending,pending,pending,,,
R03.024,R03,Deckbuilder,visual card-grid mode.,false,CLIENT + RULE,M2–M3,deck interaction,§6/§10/§11,"Editing, search, statistics, imports, sharing and printing selection round-trip; separate format and ownership validation.",planned_unverified,pending,pending,pending,,,
R03.025,R03,Deckbuilder,text-list mode.,false,CLIENT + RULE,M2–M3,deck interaction,§6/§10/§11,"Editing, search, statistics, imports, sharing and printing selection round-trip; separate format and ownership validation.",planned_unverified,pending,pending,pending,,,
R03.026,R03,Deckbuilder,alternate printing/art selection without altering deck legality.,false,CLIENT + RULE,M2–M3,deck interaction,§6/§10/§11,"Editing, search, statistics, imports, sharing and printing selection round-trip; separate format and ownership validation.",planned_unverified,pending,pending,pending,,,
R03.027,R03,Deckbuilder,automatically substitute owned printings where appropriate.,false,CLIENT + RULE,M2–M3,deck interaction,§6/§10/§11,"Editing, search, statistics, imports, sharing and printing selection round-trip; separate format and ownership validation.",planned_unverified,pending,pending,pending,,,
R04.001,R04,Sandbox / Lab Mode,Every card unlocked.,false,AI + PLAY + CLIENT,M2–M5,Lab/sandbox,§1/§7/§10/§12,Ordinary unlocked Lab works and can earn eligible currency; manipulated experiments branch reproducibly and cannot affect economy/rank.,planned_unverified,pending,pending,pending,,,
R04.002,R04,Sandbox / Lab Mode,Build any legal deck regardless of ownership.,false,AI + PLAY + CLIENT,M2–M5,Lab/sandbox,§1/§7/§10/§12,Ordinary unlocked Lab works and can earn eligible currency; manipulated experiments branch reproducibly and cannot affect economy/rank.,planned_unverified,pending,pending,pending,,,
R04.003,R04,Sandbox / Lab Mode,Optional illegal-deck override for experimentation.,false,AI + PLAY + CLIENT,M2–M5,Lab/sandbox,§1/§7/§10/§12,Ordinary unlocked Lab works and can earn eligible currency; manipulated experiments branch reproducibly and cannot affect economy/rank.,planned_unverified,pending,pending,pending,,,
R04.004,R04,Sandbox / Lab Mode,"Core, Infinity and custom formats.",false,AI + PLAY + CLIENT,M2–M5,Lab/sandbox,§1/§7/§10/§12,Ordinary unlocked Lab works and can earn eligible currency; manipulated experiments branch reproducibly and cannot affect economy/rank.,planned_unverified,pending,pending,pending,,,
R04.005,R04,Sandbox / Lab Mode,play against another user.,false,AI + PLAY + CLIENT,M2–M5,Lab/sandbox,§1/§7/§10/§12,Ordinary unlocked Lab works and can earn eligible currency; manipulated experiments branch reproducibly and cannot affect economy/rank.,planned_unverified,pending,pending,pending,,,
R04.006,R04,Sandbox / Lab Mode,play against AI.,false,AI + PLAY + CLIENT,M2–M5,Lab/sandbox,§1/§7/§10/§12,Ordinary unlocked Lab works and can earn eligible currency; manipulated experiments branch reproducibly and cannot affect economy/rank.,planned_unverified,pending,pending,pending,,,
R04.007,R04,Sandbox / Lab Mode,play both sides manually.,false,AI + PLAY + CLIENT,M2–M5,Lab/sandbox,§1/§7/§10/§12,Ordinary unlocked Lab works and can earn eligible currency; manipulated experiments branch reproducibly and cannot affect economy/rank.,planned_unverified,pending,pending,pending,,,
R04.008,R04,Sandbox / Lab Mode,hot-seat testing.,false,AI + PLAY + CLIENT,M2–M5,Lab/sandbox,§1/§7/§10/§12,Ordinary unlocked Lab works and can earn eligible currency; manipulated experiments branch reproducibly and cannot affect economy/rank.,planned_unverified,pending,pending,pending,,,
R04.009,R04,Sandbox / Lab Mode,manually construct board states.,false,AI + PLAY + CLIENT,M2–M5,Lab/sandbox,§1/§7/§10/§12,Ordinary unlocked Lab works and can earn eligible currency; manipulated experiments branch reproducibly and cannot affect economy/rank.,planned_unverified,pending,pending,pending,,,
R04.010,R04,Sandbox / Lab Mode,start from a specific turn.,false,AI + PLAY + CLIENT,M2–M5,Lab/sandbox,§1/§7/§10/§12,Ordinary unlocked Lab works and can earn eligible currency; manipulated experiments branch reproducibly and cannot affect economy/rank.,planned_unverified,pending,pending,pending,,,
R04.011,R04,Sandbox / Lab Mode,choose opening hands.,false,AI + PLAY + CLIENT,M2–M5,Lab/sandbox,§1/§7/§10/§12,Ordinary unlocked Lab works and can earn eligible currency; manipulated experiments branch reproducibly and cannot affect economy/rank.,planned_unverified,pending,pending,pending,,,
R04.012,R04,Sandbox / Lab Mode,choose deck order.,false,AI + PLAY + CLIENT,M2–M5,Lab/sandbox,§1/§7/§10/§12,Ordinary unlocked Lab works and can earn eligible currency; manipulated experiments branch reproducibly and cannot affect economy/rank.,planned_unverified,pending,pending,pending,,,
R04.013,R04,Sandbox / Lab Mode,disable random shuffle.,false,AI + PLAY + CLIENT,M2–M5,Lab/sandbox,§1/§7/§10/§12,Ordinary unlocked Lab works and can earn eligible currency; manipulated experiments branch reproducibly and cannot affect economy/rank.,planned_unverified,pending,pending,pending,,,
R04.014,R04,Sandbox / Lab Mode,set lore totals.,false,AI + PLAY + CLIENT,M2–M5,Lab/sandbox,§1/§7/§10/§12,Ordinary unlocked Lab works and can earn eligible currency; manipulated experiments branch reproducibly and cannot affect economy/rank.,planned_unverified,pending,pending,pending,,,
R04.015,R04,Sandbox / Lab Mode,set damage.,false,AI + PLAY + CLIENT,M2–M5,Lab/sandbox,§1/§7/§10/§12,Ordinary unlocked Lab works and can earn eligible currency; manipulated experiments branch reproducibly and cannot affect economy/rank.,planned_unverified,pending,pending,pending,,,
R04.016,R04,Sandbox / Lab Mode,pre-populate ink.,false,AI + PLAY + CLIENT,M2–M5,Lab/sandbox,§1/§7/§10/§12,Ordinary unlocked Lab works and can earn eligible currency; manipulated experiments branch reproducibly and cannot affect economy/rank.,planned_unverified,pending,pending,pending,,,
R04.017,R04,Sandbox / Lab Mode,manually place cards into zones.,false,AI + PLAY + CLIENT,M2–M5,Lab/sandbox,§1/§7/§10/§12,Ordinary unlocked Lab works and can earn eligible currency; manipulated experiments branch reproducibly and cannot affect economy/rank.,planned_unverified,pending,pending,pending,,,
R04.018,R04,Sandbox / Lab Mode,undo/redo actions.,false,AI + PLAY + CLIENT,M2–M5,Lab/sandbox,§1/§7/§10/§12,Ordinary unlocked Lab works and can earn eligible currency; manipulated experiments branch reproducibly and cannot affect economy/rank.,planned_unverified,pending,pending,pending,,,
R04.019,R04,Sandbox / Lab Mode,rewind game state.,false,AI + PLAY + CLIENT,M2–M5,Lab/sandbox,§1/§7/§10/§12,Ordinary unlocked Lab works and can earn eligible currency; manipulated experiments branch reproducibly and cannot affect economy/rank.,planned_unverified,pending,pending,pending,,,
R04.020,R04,Sandbox / Lab Mode,restart from checkpoint.,false,AI + PLAY + CLIENT,M2–M5,Lab/sandbox,§1/§7/§10/§12,Ordinary unlocked Lab works and can earn eligible currency; manipulated experiments branch reproducibly and cannot affect economy/rank.,planned_unverified,pending,pending,pending,,,
R04.021,R04,Sandbox / Lab Mode,duplicate a game state.,false,AI + PLAY + CLIENT,M2–M5,Lab/sandbox,§1/§7/§10/§12,Ordinary unlocked Lab works and can earn eligible currency; manipulated experiments branch reproducibly and cannot affect economy/rank.,planned_unverified,pending,pending,pending,,,
R04.022,R04,Sandbox / Lab Mode,probability simulations.,false,AI + PLAY + CLIENT,M2–M5,Lab/sandbox,§1/§7/§10/§12,Ordinary unlocked Lab works and can earn eligible currency; manipulated experiments branch reproducibly and cannot affect economy/rank.,planned_unverified,pending,pending,pending,,,
R04.023,R04,Sandbox / Lab Mode,opening-hand simulations.,false,AI + PLAY + CLIENT,M2–M5,Lab/sandbox,§1/§7/§10/§12,Ordinary unlocked Lab works and can earn eligible currency; manipulated experiments branch reproducibly and cannot affect economy/rank.,planned_unverified,pending,pending,pending,,,
R04.024,R04,Sandbox / Lab Mode,mulligan simulations.,false,AI + PLAY + CLIENT,M2–M5,Lab/sandbox,§1/§7/§10/§12,Ordinary unlocked Lab works and can earn eligible currency; manipulated experiments branch reproducibly and cannot affect economy/rank.,planned_unverified,pending,pending,pending,,,
R04.025,R04,Sandbox / Lab Mode,draw-probability analysis.,false,AI + PLAY + CLIENT,M2–M5,Lab/sandbox,§1/§7/§10/§12,Ordinary unlocked Lab works and can earn eligible currency; manipulated experiments branch reproducibly and cannot affect economy/rank.,planned_unverified,pending,pending,pending,,,
R04.026,R04,Sandbox / Lab Mode,matchup testing.,false,AI + PLAY + CLIENT,M2–M5,Lab/sandbox,§1/§7/§10/§12,Ordinary unlocked Lab works and can earn eligible currency; manipulated experiments branch reproducibly and cannot affect economy/rank.,planned_unverified,pending,pending,pending,,,
R04.027,R04,Sandbox / Lab Mode,side-by-side deck comparison.,false,AI + PLAY + CLIENT,M2–M5,Lab/sandbox,§1/§7/§10/§12,Ordinary unlocked Lab works and can earn eligible currency; manipulated experiments branch reproducibly and cannot affect economy/rank.,planned_unverified,pending,pending,pending,,,
R04.028,R04,Sandbox / Lab Mode,automated thousands-of-games simulations if AI becomes sophisticated enough.,true,AI + PLAY + CLIENT,M2–M5,Lab/sandbox,§1/§7/§10/§12,Ordinary unlocked Lab works and can earn eligible currency; manipulated experiments branch reproducibly and cannot affect economy/rank.,planned_unverified,pending,pending,pending,,,
R04.029,R04,Sandbox / Lab Mode,rules-debug mode showing the event stack and triggered effects.,false,AI + PLAY + CLIENT,M2–M5,Lab/sandbox,§1/§7/§10/§12,Ordinary unlocked Lab works and can earn eligible currency; manipulated experiments branch reproducibly and cannot affect economy/rank.,planned_unverified,pending,pending,pending,,,
R05.001,R05,Player Collection,Quantity owned for every card.,false,ECON + CLIENT,M2–M3,collection integrity,§8/§9/§11,Printing/finish holdings and history reconcile to ledger; completion/missing views have accurate denominators.,planned_unverified,pending,pending,pending,,,
R05.002,R05,Player Collection,foil/nonfoil ownership.,false,ECON + CLIENT,M2–M3,collection integrity,§8/§9/§11,Printing/finish holdings and history reconcile to ledger; completion/missing views have accurate denominators.,planned_unverified,pending,pending,pending,,,
R05.003,R05,Player Collection,individual printing ownership.,false,ECON + CLIENT,M2–M3,collection integrity,§8/§9/§11,Printing/finish holdings and history reconcile to ledger; completion/missing views have accurate denominators.,planned_unverified,pending,pending,pending,,,
R05.004,R05,Player Collection,promos.,false,ECON + CLIENT,M2–M3,collection integrity,§8/§9/§11,Printing/finish holdings and history reconcile to ledger; completion/missing views have accurate denominators.,planned_unverified,pending,pending,pending,,,
R05.005,R05,Player Collection,alternate art.,false,ECON + CLIENT,M2–M3,collection integrity,§8/§9/§11,Printing/finish holdings and history reconcile to ledger; completion/missing views have accurate denominators.,planned_unverified,pending,pending,pending,,,
R05.006,R05,Player Collection,premium rarities.,false,ECON + CLIENT,M2–M3,collection integrity,§8/§9/§11,Printing/finish holdings and history reconcile to ledger; completion/missing views have accurate denominators.,planned_unverified,pending,pending,pending,,,
R05.007,R05,Player Collection,favorites.,false,ECON + CLIENT,M2–M3,collection integrity,§8/§9/§11,Printing/finish holdings and history reconcile to ledger; completion/missing views have accurate denominators.,planned_unverified,pending,pending,pending,,,
R05.008,R05,Player Collection,wishlist.,false,ECON + CLIENT,M2–M3,collection integrity,§8/§9/§11,Printing/finish holdings and history reconcile to ledger; completion/missing views have accurate denominators.,planned_unverified,pending,pending,pending,,,
R05.009,R05,Player Collection,newly acquired indicator.,false,ECON + CLIENT,M2–M3,collection integrity,§8/§9/§11,Printing/finish holdings and history reconcile to ledger; completion/missing views have accurate denominators.,planned_unverified,pending,pending,pending,,,
R05.010,R05,Player Collection,collection completion percentage.,false,ECON + CLIENT,M2–M3,collection integrity,§8/§9/§11,Printing/finish holdings and history reconcile to ledger; completion/missing views have accurate denominators.,planned_unverified,pending,pending,pending,,,
R05.011,R05,Player Collection,set completion.,false,ECON + CLIENT,M2–M3,collection integrity,§8/§9/§11,Printing/finish holdings and history reconcile to ledger; completion/missing views have accurate denominators.,planned_unverified,pending,pending,pending,,,
R05.012,R05,Player Collection,rarity completion.,false,ECON + CLIENT,M2–M3,collection integrity,§8/§9/§11,Printing/finish holdings and history reconcile to ledger; completion/missing views have accurate denominators.,planned_unverified,pending,pending,pending,,,
R05.013,R05,Player Collection,franchise completion.,false,ECON + CLIENT,M2–M3,collection integrity,§8/§9/§11,Printing/finish holdings and history reconcile to ledger; completion/missing views have accurate denominators.,planned_unverified,pending,pending,pending,,,
R05.014,R05,Player Collection,duplicates.,false,ECON + CLIENT,M2–M3,collection integrity,§8/§9/§11,Printing/finish holdings and history reconcile to ledger; completion/missing views have accurate denominators.,planned_unverified,pending,pending,pending,,,
R05.015,R05,Player Collection,missing-card filters.,false,ECON + CLIENT,M2–M3,collection integrity,§8/§9/§11,Printing/finish holdings and history reconcile to ledger; completion/missing views have accurate denominators.,planned_unverified,pending,pending,pending,,,
R05.016,R05,Player Collection,collection value if you eventually support an economy.,true,ECON + CLIENT,M2–M3,collection integrity,§8/§9/§11,Printing/finish holdings and history reconcile to ledger; completion/missing views have accurate denominators.,planned_unverified,pending,pending,pending,,,
R05.017,R05,Player Collection,collection history.,false,ECON + CLIENT,M2–M3,collection integrity,§8/§9/§11,Printing/finish holdings and history reconcile to ledger; completion/missing views have accurate denominators.,planned_unverified,pending,pending,pending,,,
R05.018,R05,Player Collection,acquisition source history.,false,ECON + CLIENT,M2–M3,collection integrity,§8/§9/§11,Printing/finish holdings and history reconcile to ledger; completion/missing views have accurate denominators.,planned_unverified,pending,pending,pending,,,
R06.001,R06,Virtual Product System,virtual booster packs.,false,ECON + CONTENT + CLIENT,M2–M5,product opening,§9/§11,Versioned products and documented slots; once-only committed grants with reveal/skip/bulk/resume and supported selected categories.,planned_unverified,pending,pending,pending,,,
R06.002,R06,Virtual Product System,booster displays.,false,ECON + CONTENT + CLIENT,M2–M5,product opening,§9/§11,Versioned products and documented slots; once-only committed grants with reveal/skip/bulk/resume and supported selected categories.,planned_unverified,pending,pending,pending,,,
R06.003,R06,Virtual Product System,starter decks.,false,ECON + CONTENT + CLIENT,M2–M5,product opening,§9/§11,Versioned products and documented slots; once-only committed grants with reveal/skip/bulk/resume and supported selected categories.,planned_unverified,pending,pending,pending,,,
R06.004,R06,Virtual Product System,Illumineer’s Troves.,false,ECON + CONTENT + CLIENT,M2–M5,product opening,§9/§11,Versioned products and documented slots; once-only committed grants with reveal/skip/bulk/resume and supported selected categories.,planned_unverified,pending,pending,pending,,,
R06.005,R06,Virtual Product System,gift sets.,false,ECON + CONTENT + CLIENT,M2–M5,product opening,§9/§11,Versioned products and documented slots; once-only committed grants with reveal/skip/bulk/resume and supported selected categories.,planned_unverified,pending,pending,pending,,,
R06.006,R06,Virtual Product System,collector products.,false,ECON + CONTENT + CLIENT,M2–M5,product opening,§9/§11,Versioned products and documented slots; once-only committed grants with reveal/skip/bulk/resume and supported selected categories.,planned_unverified,pending,pending,pending,,,
R06.007,R06,Virtual Product System,promotional packs.,false,ECON + CONTENT + CLIENT,M2–M5,product opening,§9/§11,Versioned products and documented slots; once-only committed grants with reveal/skip/bulk/resume and supported selected categories.,planned_unverified,pending,pending,pending,,,
R06.008,R06,Virtual Product System,event rewards.,false,ECON + CONTENT + CLIENT,M2–M5,product opening,§9/§11,Versioned products and documented slots; once-only committed grants with reveal/skip/bulk/resume and supported selected categories.,planned_unverified,pending,pending,pending,,,
R06.009,R06,Virtual Product System,prerelease products.,false,ECON + CONTENT + CLIENT,M2–M5,product opening,§9/§11,Versioned products and documented slots; once-only committed grants with reveal/skip/bulk/resume and supported selected categories.,planned_unverified,pending,pending,pending,,,
R06.010,R06,Virtual Product System,future products through data configuration.,false,ECON + CONTENT + CLIENT,M2–M5,product opening,§9/§11,Versioned products and documented slots; once-only committed grants with reveal/skip/bulk/resume and supported selected categories.,planned_unverified,pending,pending,pending,,,
R06.011,R06,Virtual Product System,proper rarity distribution.,false,ECON + CONTENT + CLIENT,M2–M5,product opening,§9/§11,Versioned products and documented slots; once-only committed grants with reveal/skip/bulk/resume and supported selected categories.,planned_unverified,pending,pending,pending,,,
R06.012,R06,Virtual Product System,foil/premium slots.,false,ECON + CONTENT + CLIENT,M2–M5,product opening,§9/§11,Versioned products and documented slots; once-only committed grants with reveal/skip/bulk/resume and supported selected categories.,planned_unverified,pending,pending,pending,,,
R06.013,R06,Virtual Product System,duplicate protection if desired.,true,ECON + CONTENT + CLIENT,M2–M5,product opening,§9/§11,Versioned products and documented slots; once-only committed grants with reveal/skip/bulk/resume and supported selected categories.,planned_unverified,pending,pending,pending,,,
R06.014,R06,Virtual Product System,pack-opening animation.,false,ECON + CONTENT + CLIENT,M2–M5,product opening,§9/§11,Versioned products and documented slots; once-only committed grants with reveal/skip/bulk/resume and supported selected categories.,planned_unverified,pending,pending,pending,,,
R06.015,R06,Virtual Product System,reveal-one-at-a-time option.,false,ECON + CONTENT + CLIENT,M2–M5,product opening,§9/§11,Versioned products and documented slots; once-only committed grants with reveal/skip/bulk/resume and supported selected categories.,planned_unverified,pending,pending,pending,,,
R06.016,R06,Virtual Product System,skip animation.,false,ECON + CONTENT + CLIENT,M2–M5,product opening,§9/§11,Versioned products and documented slots; once-only committed grants with reveal/skip/bulk/resume and supported selected categories.,planned_unverified,pending,pending,pending,,,
R06.017,R06,Virtual Product System,open-multiple-packs.,false,ECON + CONTENT + CLIENT,M2–M5,product opening,§9/§11,Versioned products and documented slots; once-only committed grants with reveal/skip/bulk/resume and supported selected categories.,planned_unverified,pending,pending,pending,,,
R06.018,R06,Virtual Product System,pack-opening history.,false,ECON + CONTENT + CLIENT,M2–M5,product opening,§9/§11,Versioned products and documented slots; once-only committed grants with reveal/skip/bulk/resume and supported selected categories.,planned_unverified,pending,pending,pending,,,
R07.001,R07,Progression & Economy,Player XP.,false,ECON,M2–M5,progression/economy,§9,XP/currency/inventory/cosmetic effects settle once; eligibility and selected acquisition model are tested and balanced.,planned_unverified,pending,pending,pending,,,
R07.002,R07,Progression & Economy,account level.,false,ECON,M2–M5,progression/economy,§9,XP/currency/inventory/cosmetic effects settle once; eligibility and selected acquisition model are tested and balanced.,planned_unverified,pending,pending,pending,,,
R07.003,R07,Progression & Economy,daily challenges.,false,ECON,M2–M5,progression/economy,§9,XP/currency/inventory/cosmetic effects settle once; eligibility and selected acquisition model are tested and balanced.,planned_unverified,pending,pending,pending,,,
R07.004,R07,Progression & Economy,weekly challenges.,false,ECON,M2–M5,progression/economy,§9,XP/currency/inventory/cosmetic effects settle once; eligibility and selected acquisition model are tested and balanced.,planned_unverified,pending,pending,pending,,,
R07.005,R07,Progression & Economy,match rewards.,false,ECON,M2–M5,progression/economy,§9,XP/currency/inventory/cosmetic effects settle once; eligibility and selected acquisition model are tested and balanced.,planned_unverified,pending,pending,pending,,,
R07.006,R07,Progression & Economy,first-win rewards.,false,ECON,M2–M5,progression/economy,§9,XP/currency/inventory/cosmetic effects settle once; eligibility and selected acquisition model are tested and balanced.,planned_unverified,pending,pending,pending,,,
R07.007,R07,Progression & Economy,achievement rewards.,false,ECON,M2–M5,progression/economy,§9,XP/currency/inventory/cosmetic effects settle once; eligibility and selected acquisition model are tested and balanced.,planned_unverified,pending,pending,pending,,,
R07.008,R07,Progression & Economy,event rewards.,false,ECON,M2–M5,progression/economy,§9,XP/currency/inventory/cosmetic effects settle once; eligibility and selected acquisition model are tested and balanced.,planned_unverified,pending,pending,pending,,,
R07.009,R07,Progression & Economy,virtual currency.,false,ECON,M2–M5,progression/economy,§9,XP/currency/inventory/cosmetic effects settle once; eligibility and selected acquisition model are tested and balanced.,planned_unverified,pending,pending,pending,,,
R07.010,R07,Progression & Economy,booster rewards.,false,ECON,M2–M5,progression/economy,§9,XP/currency/inventory/cosmetic effects settle once; eligibility and selected acquisition model are tested and balanced.,planned_unverified,pending,pending,pending,,,
R07.011,R07,Progression & Economy,card rewards.,false,ECON,M2–M5,progression/economy,§9,XP/currency/inventory/cosmetic effects settle once; eligibility and selected acquisition model are tested and balanced.,planned_unverified,pending,pending,pending,,,
R07.012,R07,Progression & Economy,cosmetic rewards.,false,ECON,M2–M5,progression/economy,§9,XP/currency/inventory/cosmetic effects settle once; eligibility and selected acquisition model are tested and balanced.,planned_unverified,pending,pending,pending,,,
R07.013,R07,Progression & Economy,duplicate handling.,false,ECON,M2–M5,progression/economy,§9,XP/currency/inventory/cosmetic effects settle once; eligibility and selected acquisition model are tested and balanced.,planned_unverified,pending,pending,pending,,,
R07.014,R07,Progression & Economy,crafting/dusting system if desired.,true,ECON,M2–M5,progression/economy,§9,XP/currency/inventory/cosmetic effects settle once; eligibility and selected acquisition model are tested and balanced.,planned_unverified,pending,pending,pending,,,
R07.015,R07,Progression & Economy,wildcards as an alternative.,true,ECON,M2–M5,progression/economy,§9,XP/currency/inventory/cosmetic effects settle once; eligibility and selected acquisition model are tested and balanced.,planned_unverified,pending,pending,pending,,,
R07.016,R07,Progression & Economy,protection against impossible collection grind.,false,ECON,M2–M5,progression/economy,§9,XP/currency/inventory/cosmetic effects settle once; eligibility and selected acquisition model are tested and balanced.,planned_unverified,pending,pending,pending,,,
R07.017,R07,Progression & Economy,reward-balancing tools.,false,ECON,M2–M5,progression/economy,§9,XP/currency/inventory/cosmetic effects settle once; eligibility and selected acquisition model are tested and balanced.,planned_unverified,pending,pending,pending,,,
R07.018,R07,Progression & Economy,economy telemetry.,false,ECON,M2–M5,progression/economy,§9,XP/currency/inventory/cosmetic effects settle once; eligibility and selected acquisition model are tested and balanced.,planned_unverified,pending,pending,pending,,,
R07.019,R07,Progression & Economy,admin ability to grant/revoke items.,false,ECON,M2–M5,progression/economy,§9,XP/currency/inventory/cosmetic effects settle once; eligibility and selected acquisition model are tested and balanced.,planned_unverified,pending,pending,pending,,,
R08.001,R08,Player Profile,Username/display name.,false,SOCIAL + CLIENT,M3–M4,profile/privacy,§10/§13,"Privacy-aware identity, statistics, history, collection/tournament views, friends and blocking.",planned_unverified,pending,pending,pending,,,
R08.002,R08,Player Profile,avatar.,false,SOCIAL + CLIENT,M3–M4,profile/privacy,§10/§13,"Privacy-aware identity, statistics, history, collection/tournament views, friends and blocking.",planned_unverified,pending,pending,pending,,,
R08.003,R08,Player Profile,player title.,false,SOCIAL + CLIENT,M3–M4,profile/privacy,§10/§13,"Privacy-aware identity, statistics, history, collection/tournament views, friends and blocking.",planned_unverified,pending,pending,pending,,,
R08.004,R08,Player Profile,profile banner.,false,SOCIAL + CLIENT,M3–M4,profile/privacy,§10/§13,"Privacy-aware identity, statistics, history, collection/tournament views, friends and blocking.",planned_unverified,pending,pending,pending,,,
R08.005,R08,Player Profile,favorite character/franchise.,false,SOCIAL + CLIENT,M3–M4,profile/privacy,§10/§13,"Privacy-aware identity, statistics, history, collection/tournament views, friends and blocking.",planned_unverified,pending,pending,pending,,,
R08.006,R08,Player Profile,account level.,false,SOCIAL + CLIENT,M3–M4,profile/privacy,§10/§13,"Privacy-aware identity, statistics, history, collection/tournament views, friends and blocking.",planned_unverified,pending,pending,pending,,,
R08.007,R08,Player Profile,ranked rating.,false,SOCIAL + CLIENT,M3–M4,profile/privacy,§10/§13,"Privacy-aware identity, statistics, history, collection/tournament views, friends and blocking.",planned_unverified,pending,pending,pending,,,
R08.008,R08,Player Profile,seasonal rank.,false,SOCIAL + CLIENT,M3–M4,profile/privacy,§10/§13,"Privacy-aware identity, statistics, history, collection/tournament views, friends and blocking.",planned_unverified,pending,pending,pending,,,
R08.009,R08,Player Profile,match record.,false,SOCIAL + CLIENT,M3–M4,profile/privacy,§10/§13,"Privacy-aware identity, statistics, history, collection/tournament views, friends and blocking.",planned_unverified,pending,pending,pending,,,
R08.010,R08,Player Profile,play history.,false,SOCIAL + CLIENT,M3–M4,profile/privacy,§10/§13,"Privacy-aware identity, statistics, history, collection/tournament views, friends and blocking.",planned_unverified,pending,pending,pending,,,
R08.011,R08,Player Profile,favorite decks.,false,SOCIAL + CLIENT,M3–M4,profile/privacy,§10/§13,"Privacy-aware identity, statistics, history, collection/tournament views, friends and blocking.",planned_unverified,pending,pending,pending,,,
R08.012,R08,Player Profile,achievements.,false,SOCIAL + CLIENT,M3–M4,profile/privacy,§10/§13,"Privacy-aware identity, statistics, history, collection/tournament views, friends and blocking.",planned_unverified,pending,pending,pending,,,
R08.013,R08,Player Profile,collection stats.,false,SOCIAL + CLIENT,M3–M4,profile/privacy,§10/§13,"Privacy-aware identity, statistics, history, collection/tournament views, friends and blocking.",planned_unverified,pending,pending,pending,,,
R08.014,R08,Player Profile,tournament history.,false,SOCIAL + CLIENT,M3–M4,profile/privacy,§10/§13,"Privacy-aware identity, statistics, history, collection/tournament views, friends and blocking.",planned_unverified,pending,pending,pending,,,
R08.015,R08,Player Profile,privacy options.,false,SOCIAL + CLIENT,M3–M4,profile/privacy,§10/§13,"Privacy-aware identity, statistics, history, collection/tournament views, friends and blocking.",planned_unverified,pending,pending,pending,,,
R08.016,R08,Player Profile,blocked users.,false,SOCIAL + CLIENT,M3–M4,profile/privacy,§10/§13,"Privacy-aware identity, statistics, history, collection/tournament views, friends and blocking.",planned_unverified,pending,pending,pending,,,
R08.017,R08,Player Profile,friends list.,false,SOCIAL + CLIENT,M3–M4,profile/privacy,§10/§13,"Privacy-aware identity, statistics, history, collection/tournament views, friends and blocking.",planned_unverified,pending,pending,pending,,,
R09.001,R09,Matchmaking,Casual queue.,false,COMP + PLAY,M2–M4,admission/matching,§7/§10,All selected queues/invites/match structures admit legal pinned decks; pair/cancel/rematch and privacy races resolve safely.,planned_unverified,pending,pending,pending,,,
R09.002,R09,Matchmaking,Ranked queue.,false,COMP + PLAY,M2–M4,admission/matching,§7/§10,All selected queues/invites/match structures admit legal pinned decks; pair/cancel/rematch and privacy races resolve safely.,planned_unverified,pending,pending,pending,,,
R09.003,R09,Matchmaking,Sandbox queue.,false,COMP + PLAY,M2–M4,admission/matching,§7/§10,All selected queues/invites/match structures admit legal pinned decks; pair/cancel/rematch and privacy races resolve safely.,planned_unverified,pending,pending,pending,,,
R09.004,R09,Matchmaking,Collection-mode queue.,false,COMP + PLAY,M2–M4,admission/matching,§7/§10,All selected queues/invites/match structures admit legal pinned decks; pair/cancel/rematch and privacy races resolve safely.,planned_unverified,pending,pending,pending,,,
R09.005,R09,Matchmaking,Core Constructed.,false,COMP + PLAY,M2–M4,admission/matching,§7/§10,All selected queues/invites/match structures admit legal pinned decks; pair/cancel/rematch and privacy races resolve safely.,planned_unverified,pending,pending,pending,,,
R09.006,R09,Matchmaking,Infinity Constructed.,false,COMP + PLAY,M2–M4,admission/matching,§7/§10,All selected queues/invites/match structures admit legal pinned decks; pair/cancel/rematch and privacy races resolve safely.,planned_unverified,pending,pending,pending,,,
R09.007,R09,Matchmaking,custom games.,false,COMP + PLAY,M2–M4,admission/matching,§7/§10,All selected queues/invites/match structures admit legal pinned decks; pair/cancel/rematch and privacy races resolve safely.,planned_unverified,pending,pending,pending,,,
R09.008,R09,Matchmaking,direct challenge.,false,COMP + PLAY,M2–M4,admission/matching,§7/§10,All selected queues/invites/match structures admit legal pinned decks; pair/cancel/rematch and privacy races resolve safely.,planned_unverified,pending,pending,pending,,,
R09.009,R09,Matchmaking,invite friend.,false,COMP + PLAY,M2–M4,admission/matching,§7/§10,All selected queues/invites/match structures admit legal pinned decks; pair/cancel/rematch and privacy races resolve safely.,planned_unverified,pending,pending,pending,,,
R09.010,R09,Matchmaking,private lobby/password.,false,COMP + PLAY,M2–M4,admission/matching,§7/§10,All selected queues/invites/match structures admit legal pinned decks; pair/cancel/rematch and privacy races resolve safely.,planned_unverified,pending,pending,pending,,,
R09.011,R09,Matchmaking,best-of-one.,false,COMP + PLAY,M2–M4,admission/matching,§7/§10,All selected queues/invites/match structures admit legal pinned decks; pair/cancel/rematch and privacy races resolve safely.,planned_unverified,pending,pending,pending,,,
R09.012,R09,Matchmaking,best-of-three.,false,COMP + PLAY,M2–M4,admission/matching,§7/§10,All selected queues/invites/match structures admit legal pinned decks; pair/cancel/rematch and privacy races resolve safely.,planned_unverified,pending,pending,pending,,,
R09.013,R09,Matchmaking,rating-based matching.,false,COMP + PLAY,M2–M4,admission/matching,§7/§10,All selected queues/invites/match structures admit legal pinned decks; pair/cancel/rematch and privacy races resolve safely.,planned_unverified,pending,pending,pending,,,
R09.014,R09,Matchmaking,connection-quality consideration.,false,COMP + PLAY,M2–M4,admission/matching,§7/§10,All selected queues/invites/match structures admit legal pinned decks; pair/cancel/rematch and privacy races resolve safely.,planned_unverified,pending,pending,pending,,,
R09.015,R09,Matchmaking,queue-duration expansion.,false,COMP + PLAY,M2–M4,admission/matching,§7/§10,All selected queues/invites/match structures admit legal pinned decks; pair/cancel/rematch and privacy races resolve safely.,planned_unverified,pending,pending,pending,,,
R09.016,R09,Matchmaking,rematch.,false,COMP + PLAY,M2–M4,admission/matching,§7/§10,All selected queues/invites/match structures admit legal pinned decks; pair/cancel/rematch and privacy races resolve safely.,planned_unverified,pending,pending,pending,,,
R09.017,R09,Matchmaking,format-specific matchmaking ratings if desired.,true,COMP + PLAY,M2–M4,admission/matching,§7/§10,All selected queues/invites/match structures admit legal pinned decks; pair/cancel/rematch and privacy races resolve safely.,planned_unverified,pending,pending,pending,,,
R10.001,R10,Ranked System,ranking ladder.,false,COMP,M4,ranked integrity,§10,"Versioned ratings, seasons, leaderboards and rewards settle idempotently; abuse signals and history are reviewable.",planned_unverified,pending,pending,pending,,,
R10.002,R10,Ranked System,divisions/tiers.,false,COMP,M4,ranked integrity,§10,"Versioned ratings, seasons, leaderboards and rewards settle idempotently; abuse signals and history are reviewable.",planned_unverified,pending,pending,pending,,,
R10.003,R10,Ranked System,MMR/Elo-like hidden rating.,false,COMP,M4,ranked integrity,§10,"Versioned ratings, seasons, leaderboards and rewards settle idempotently; abuse signals and history are reviewable.",planned_unverified,pending,pending,pending,,,
R10.004,R10,Ranked System,seasonal resets.,false,COMP,M4,ranked integrity,§10,"Versioned ratings, seasons, leaderboards and rewards settle idempotently; abuse signals and history are reviewable.",planned_unverified,pending,pending,pending,,,
R10.005,R10,Ranked System,placement games if desired.,true,COMP,M4,ranked integrity,§10,"Versioned ratings, seasons, leaderboards and rewards settle idempotently; abuse signals and history are reviewable.",planned_unverified,pending,pending,pending,,,
R10.006,R10,Ranked System,ranked leaderboards.,false,COMP,M4,ranked integrity,§10,"Versioned ratings, seasons, leaderboards and rewards settle idempotently; abuse signals and history are reviewable.",planned_unverified,pending,pending,pending,,,
R10.007,R10,Ranked System,regional/global rankings.,false,COMP,M4,ranked integrity,§10,"Versioned ratings, seasons, leaderboards and rewards settle idempotently; abuse signals and history are reviewable.",planned_unverified,pending,pending,pending,,,
R10.008,R10,Ranked System,seasonal rewards.,false,COMP,M4,ranked integrity,§10,"Versioned ratings, seasons, leaderboards and rewards settle idempotently; abuse signals and history are reviewable.",planned_unverified,pending,pending,pending,,,
R10.009,R10,Ranked System,rank history.,false,COMP,M4,ranked integrity,§10,"Versioned ratings, seasons, leaderboards and rewards settle idempotently; abuse signals and history are reviewable.",planned_unverified,pending,pending,pending,,,
R10.010,R10,Ranked System,top-player profiles.,false,COMP,M4,ranked integrity,§10,"Versioned ratings, seasons, leaderboards and rewards settle idempotently; abuse signals and history are reviewable.",planned_unverified,pending,pending,pending,,,
R10.011,R10,Ranked System,anti-win-trading detection.,false,COMP,M4,ranked integrity,§10,"Versioned ratings, seasons, leaderboards and rewards settle idempotently; abuse signals and history are reviewable.",planned_unverified,pending,pending,pending,,,
R11.001,R11,Limited Formats,Sealed.,false,COMP + ECON + RULE,M4,limited formats,§6/§9/§10,"Correct pools, products, picks/autopicks and format validation, with logs/export/reconnect and event integration.",planned_unverified,pending,pending,pending,,,
R11.002,R11,Limited Formats,Draft.,false,COMP + ECON + RULE,M4,limited formats,§6/§9/§10,"Correct pools, products, picks/autopicks and format validation, with logs/export/reconnect and event integration.",planned_unverified,pending,pending,pending,,,
R11.003,R11,Limited Formats,Pack Rush.,false,COMP + ECON + RULE,M4,limited formats,§6/§9/§10,"Correct pools, products, picks/autopicks and format validation, with logs/export/reconnect and event integration.",planned_unverified,pending,pending,pending,,,
R11.004,R11,Limited Formats,custom draft environments.,false,COMP + ECON + RULE,M4,limited formats,§6/§9/§10,"Correct pools, products, picks/autopicks and format validation, with logs/export/reconnect and event integration.",planned_unverified,pending,pending,pending,,,
R11.005,R11,Limited Formats,booster selection.,false,COMP + ECON + RULE,M4,limited formats,§6/§9/§10,"Correct pools, products, picks/autopicks and format validation, with logs/export/reconnect and event integration.",planned_unverified,pending,pending,pending,,,
R11.006,R11,Limited Formats,pod creation.,false,COMP + ECON + RULE,M4,limited formats,§6/§9/§10,"Correct pools, products, picks/autopicks and format validation, with logs/export/reconnect and event integration.",planned_unverified,pending,pending,pending,,,
R11.007,R11,Limited Formats,timed picks.,false,COMP + ECON + RULE,M4,limited formats,§6/§9/§10,"Correct pools, products, picks/autopicks and format validation, with logs/export/reconnect and event integration.",planned_unverified,pending,pending,pending,,,
R11.008,R11,Limited Formats,draft bots.,false,COMP + ECON + RULE,M4,limited formats,§6/§9/§10,"Correct pools, products, picks/autopicks and format validation, with logs/export/reconnect and event integration.",planned_unverified,pending,pending,pending,,,
R11.009,R11,Limited Formats,draft deckbuilder.,false,COMP + ECON + RULE,M4,limited formats,§6/§9/§10,"Correct pools, products, picks/autopicks and format validation, with logs/export/reconnect and event integration.",planned_unverified,pending,pending,pending,,,
R11.010,R11,Limited Formats,limited deck validation.,false,COMP + ECON + RULE,M4,limited formats,§6/§9/§10,"Correct pools, products, picks/autopicks and format validation, with logs/export/reconnect and event integration.",planned_unverified,pending,pending,pending,,,
R11.011,R11,Limited Formats,saved draft logs.,false,COMP + ECON + RULE,M4,limited formats,§6/§9/§10,"Correct pools, products, picks/autopicks and format validation, with logs/export/reconnect and event integration.",planned_unverified,pending,pending,pending,,,
R11.012,R11,Limited Formats,sealed-pool export.,false,COMP + ECON + RULE,M4,limited formats,§6/§9/§10,"Correct pools, products, picks/autopicks and format validation, with logs/export/reconnect and event integration.",planned_unverified,pending,pending,pending,,,
R11.013,R11,Limited Formats,tournaments built from limited pools.,false,COMP + ECON + RULE,M4,limited formats,§6/§9/§10,"Correct pools, products, picks/autopicks and format validation, with logs/export/reconnect and event integration.",planned_unverified,pending,pending,pending,,,
R12.001,R12,AI Opponents,beginner AI.,false,AI + RULE,M3–M5,fair bots,§12,"Complete legal games at each advertised strength; viewer-safe inputs, resource limits, reproducibility and measured quality.",planned_unverified,pending,pending,pending,,,
R12.002,R12,AI Opponents,normal AI.,false,AI + RULE,M3–M5,fair bots,§12,"Complete legal games at each advertised strength; viewer-safe inputs, resource limits, reproducibility and measured quality.",planned_unverified,pending,pending,pending,,,
R12.003,R12,AI Opponents,advanced AI.,false,AI + RULE,M3–M5,fair bots,§12,"Complete legal games at each advertised strength; viewer-safe inputs, resource limits, reproducibility and measured quality.",planned_unverified,pending,pending,pending,,,
R12.004,R12,AI Opponents,competitive AI eventually.,true,AI + RULE,M3–M5,fair bots,§12,"Complete legal games at each advertised strength; viewer-safe inputs, resource limits, reproducibility and measured quality.",planned_unverified,pending,pending,pending,,,
R12.005,R12,AI Opponents,archetype-aware behavior.,false,AI + RULE,M3–M5,fair bots,§12,"Complete legal games at each advertised strength; viewer-safe inputs, resource limits, reproducibility and measured quality.",planned_unverified,pending,pending,pending,,,
R12.006,R12,AI Opponents,mulligan logic.,false,AI + RULE,M3–M5,fair bots,§12,"Complete legal games at each advertised strength; viewer-safe inputs, resource limits, reproducibility and measured quality.",planned_unverified,pending,pending,pending,,,
R12.007,R12,AI Opponents,ink decision logic.,false,AI + RULE,M3–M5,fair bots,§12,"Complete legal games at each advertised strength; viewer-safe inputs, resource limits, reproducibility and measured quality.",planned_unverified,pending,pending,pending,,,
R12.008,R12,AI Opponents,quest/challenge decision logic.,false,AI + RULE,M3–M5,fair bots,§12,"Complete legal games at each advertised strength; viewer-safe inputs, resource limits, reproducibility and measured quality.",planned_unverified,pending,pending,pending,,,
R12.009,R12,AI Opponents,threat evaluation.,false,AI + RULE,M3–M5,fair bots,§12,"Complete legal games at each advertised strength; viewer-safe inputs, resource limits, reproducibility and measured quality.",planned_unverified,pending,pending,pending,,,
R12.010,R12,AI Opponents,resource planning.,false,AI + RULE,M3–M5,fair bots,§12,"Complete legal games at each advertised strength; viewer-safe inputs, resource limits, reproducibility and measured quality.",planned_unverified,pending,pending,pending,,,
R12.011,R12,AI Opponents,combo awareness.,false,AI + RULE,M3–M5,fair bots,§12,"Complete legal games at each advertised strength; viewer-safe inputs, resource limits, reproducibility and measured quality.",planned_unverified,pending,pending,pending,,,
R12.012,R12,AI Opponents,difficulty-specific intentional mistakes.,false,AI + RULE,M3–M5,fair bots,§12,"Complete legal games at each advertised strength; viewer-safe inputs, resource limits, reproducibility and measured quality.",planned_unverified,pending,pending,pending,,,
R12.013,R12,AI Opponents,AI deck selection.,false,AI + RULE,M3–M5,fair bots,§12,"Complete legal games at each advertised strength; viewer-safe inputs, resource limits, reproducibility and measured quality.",planned_unverified,pending,pending,pending,,,
R12.014,R12,AI Opponents,custom AI deck import.,false,AI + RULE,M3–M5,fair bots,§12,"Complete legal games at each advertised strength; viewer-safe inputs, resource limits, reproducibility and measured quality.",planned_unverified,pending,pending,pending,,,
R12.015,R12,AI Opponents,AI-vs-AI.,false,AI + RULE,M3–M5,fair bots,§12,"Complete legal games at each advertised strength; viewer-safe inputs, resource limits, reproducibility and measured quality.",planned_unverified,pending,pending,pending,,,
R12.016,R12,AI Opponents,automated matchup simulation.,false,AI + RULE,M3–M5,fair bots,§12,"Complete legal games at each advertised strength; viewer-safe inputs, resource limits, reproducibility and measured quality.",planned_unverified,pending,pending,pending,,,
R13.001,R13,Tutorial & Learning System,rules tutorial.,false,CONTENT + CLIENT,M2–M5,learning,§6/§11/§12,"Every listed lesson/topic has cited, executable and regression-tested content with beginner usability evidence.",planned_unverified,pending,pending,pending,,,
R13.002,R13,Tutorial & Learning System,guided first match.,false,CONTENT + CLIENT,M2–M5,learning,§6/§11/§12,"Every listed lesson/topic has cited, executable and regression-tested content with beginner usability evidence.",planned_unverified,pending,pending,pending,,,
R13.003,R13,Tutorial & Learning System,ink tutorial.,false,CONTENT + CLIENT,M2–M5,learning,§6/§11/§12,"Every listed lesson/topic has cited, executable and regression-tested content with beginner usability evidence.",planned_unverified,pending,pending,pending,,,
R13.004,R13,Tutorial & Learning System,quest tutorial.,false,CONTENT + CLIENT,M2–M5,learning,§6/§11/§12,"Every listed lesson/topic has cited, executable and regression-tested content with beginner usability evidence.",planned_unverified,pending,pending,pending,,,
R13.005,R13,Tutorial & Learning System,challenge tutorial.,false,CONTENT + CLIENT,M2–M5,learning,§6/§11/§12,"Every listed lesson/topic has cited, executable and regression-tested content with beginner usability evidence.",planned_unverified,pending,pending,pending,,,
R13.006,R13,Tutorial & Learning System,songs.,false,CONTENT + CLIENT,M2–M5,learning,§6/§11/§12,"Every listed lesson/topic has cited, executable and regression-tested content with beginner usability evidence.",planned_unverified,pending,pending,pending,,,
R13.007,R13,Tutorial & Learning System,Shift.,false,CONTENT + CLIENT,M2–M5,learning,§6/§11/§12,"Every listed lesson/topic has cited, executable and regression-tested content with beginner usability evidence.",planned_unverified,pending,pending,pending,,,
R13.008,R13,Tutorial & Learning System,locations.,false,CONTENT + CLIENT,M2–M5,learning,§6/§11/§12,"Every listed lesson/topic has cited, executable and regression-tested content with beginner usability evidence.",planned_unverified,pending,pending,pending,,,
R13.009,R13,Tutorial & Learning System,advanced timing.,false,CONTENT + CLIENT,M2–M5,learning,§6/§11/§12,"Every listed lesson/topic has cited, executable and regression-tested content with beginner usability evidence.",planned_unverified,pending,pending,pending,,,
R13.010,R13,Tutorial & Learning System,triggered abilities.,false,CONTENT + CLIENT,M2–M5,learning,§6/§11/§12,"Every listed lesson/topic has cited, executable and regression-tested content with beginner usability evidence.",planned_unverified,pending,pending,pending,,,
R13.011,R13,Tutorial & Learning System,replacement effects.,false,CONTENT + CLIENT,M2–M5,learning,§6/§11/§12,"Every listed lesson/topic has cited, executable and regression-tested content with beginner usability evidence.",planned_unverified,pending,pending,pending,,,
R13.012,R13,Tutorial & Learning System,deckbuilding.,false,CONTENT + CLIENT,M2–M5,learning,§6/§11/§12,"Every listed lesson/topic has cited, executable and regression-tested content with beginner usability evidence.",planned_unverified,pending,pending,pending,,,
R13.013,R13,Tutorial & Learning System,mulligans.,false,CONTENT + CLIENT,M2–M5,learning,§6/§11/§12,"Every listed lesson/topic has cited, executable and regression-tested content with beginner usability evidence.",planned_unverified,pending,pending,pending,,,
R13.014,R13,Tutorial & Learning System,strategy lessons.,false,CONTENT + CLIENT,M2–M5,learning,§6/§11/§12,"Every listed lesson/topic has cited, executable and regression-tested content with beginner usability evidence.",planned_unverified,pending,pending,pending,,,
R13.015,R13,Tutorial & Learning System,puzzle scenarios.,false,CONTENT + CLIENT,M2–M5,learning,§6/§11/§12,"Every listed lesson/topic has cited, executable and regression-tested content with beginner usability evidence.",planned_unverified,pending,pending,pending,,,
R13.016,R13,Tutorial & Learning System,glossary.,false,CONTENT + CLIENT,M2–M5,learning,§6/§11/§12,"Every listed lesson/topic has cited, executable and regression-tested content with beginner usability evidence.",planned_unverified,pending,pending,pending,,,
R13.017,R13,Tutorial & Learning System,searchable rules.,false,CONTENT + CLIENT,M2–M5,learning,§6/§11/§12,"Every listed lesson/topic has cited, executable and regression-tested content with beginner usability evidence.",planned_unverified,pending,pending,pending,,,
R13.018,R13,Tutorial & Learning System,hover/tap explanations.,false,CONTENT + CLIENT,M2–M5,learning,§6/§11/§12,"Every listed lesson/topic has cited, executable and regression-tested content with beginner usability evidence.",planned_unverified,pending,pending,pending,,,
R13.019,R13,Tutorial & Learning System,contextual rules tips.,false,CONTENT + CLIENT,M2–M5,learning,§6/§11/§12,"Every listed lesson/topic has cited, executable and regression-tested content with beginner usability evidence.",planned_unverified,pending,pending,pending,,,
R14.001,R14,Rules Assistant,Ask questions during games.,false,AI + RULE,M3–M5,rules explanations,§6/§12,"Version-correct reason codes, citations, interaction explanations and uncertainty labels use viewer-authorized context.",planned_unverified,pending,pending,pending,,,
R14.002,R14,Rules Assistant,explain why an action is/isn’t legal.,false,AI + RULE,M3–M5,rules explanations,§6/§12,"Version-correct reason codes, citations, interaction explanations and uncertainty labels use viewer-authorized context.",planned_unverified,pending,pending,pending,,,
R14.003,R14,Rules Assistant,explain ability resolution.,false,AI + RULE,M3–M5,rules explanations,§6/§12,"Version-correct reason codes, citations, interaction explanations and uncertainty labels use viewer-authorized context.",planned_unverified,pending,pending,pending,,,
R14.004,R14,Rules Assistant,show relevant rule citation.,false,AI + RULE,M3–M5,rules explanations,§6/§12,"Version-correct reason codes, citations, interaction explanations and uncertainty labels use viewer-authorized context.",planned_unverified,pending,pending,pending,,,
R14.005,R14,Rules Assistant,explain card interactions.,false,AI + RULE,M3–M5,rules explanations,§6/§12,"Version-correct reason codes, citations, interaction explanations and uncertainty labels use viewer-authorized context.",planned_unverified,pending,pending,pending,,,
R14.006,R14,Rules Assistant,inspect the current board state.,false,AI + RULE,M3–M5,rules explanations,§6/§12,"Version-correct reason codes, citations, interaction explanations and uncertainty labels use viewer-authorized context.",planned_unverified,pending,pending,pending,,,
R14.007,R14,Rules Assistant,answer “why can’t I do this?”,false,AI + RULE,M3–M5,rules explanations,§6/§12,"Version-correct reason codes, citations, interaction explanations and uncertainty labels use viewer-authorized context.",planned_unverified,pending,pending,pending,,,
R14.008,R14,Rules Assistant,distinguish official rulings from inferred interpretations.,false,AI + RULE,M3–M5,rules explanations,§6/§12,"Version-correct reason codes, citations, interaction explanations and uncertainty labels use viewer-authorized context.",planned_unverified,pending,pending,pending,,,
R14.009,R14,Rules Assistant,contextual glossary.,false,AI + RULE,M3–M5,rules explanations,§6/§12,"Version-correct reason codes, citations, interaction explanations and uncertainty labels use viewer-authorized context.",planned_unverified,pending,pending,pending,,,
R14.010,R14,Rules Assistant,beginner explanation mode.,false,AI + RULE,M3–M5,rules explanations,§6/§12,"Version-correct reason codes, citations, interaction explanations and uncertainty labels use viewer-authorized context.",planned_unverified,pending,pending,pending,,,
R14.011,R14,Rules Assistant,advanced/judge explanation mode.,false,AI + RULE,M3–M5,rules explanations,§6/§12,"Version-correct reason codes, citations, interaction explanations and uncertainty labels use viewer-authorized context.",planned_unverified,pending,pending,pending,,,
R15.001,R15,Match History & Replay System,Match history.,false,PLAY + CLIENT,M2–M4,history/replay,§7/§8/§10,"Deterministic role-safe replay, history/controls/export/annotations and provenance-aware sandbox branching.",planned_unverified,pending,pending,pending,,,
R15.002,R15,Match History & Replay System,opponent.,false,PLAY + CLIENT,M2–M4,history/replay,§7/§8/§10,"Deterministic role-safe replay, history/controls/export/annotations and provenance-aware sandbox branching.",planned_unverified,pending,pending,pending,,,
R15.003,R15,Match History & Replay System,decks.,false,PLAY + CLIENT,M2–M4,history/replay,§7/§8/§10,"Deterministic role-safe replay, history/controls/export/annotations and provenance-aware sandbox branching.",planned_unverified,pending,pending,pending,,,
R15.004,R15,Match History & Replay System,outcome.,false,PLAY + CLIENT,M2–M4,history/replay,§7/§8/§10,"Deterministic role-safe replay, history/controls/export/annotations and provenance-aware sandbox branching.",planned_unverified,pending,pending,pending,,,
R15.005,R15,Match History & Replay System,duration.,false,PLAY + CLIENT,M2–M4,history/replay,§7/§8/§10,"Deterministic role-safe replay, history/controls/export/annotations and provenance-aware sandbox branching.",planned_unverified,pending,pending,pending,,,
R15.006,R15,Match History & Replay System,turn count.,false,PLAY + CLIENT,M2–M4,history/replay,§7/§8/§10,"Deterministic role-safe replay, history/controls/export/annotations and provenance-aware sandbox branching.",planned_unverified,pending,pending,pending,,,
R15.007,R15,Match History & Replay System,lore progression.,false,PLAY + CLIENT,M2–M4,history/replay,§7/§8/§10,"Deterministic role-safe replay, history/controls/export/annotations and provenance-aware sandbox branching.",planned_unverified,pending,pending,pending,,,
R15.008,R15,Match History & Replay System,actions per turn.,false,PLAY + CLIENT,M2–M4,history/replay,§7/§8/§10,"Deterministic role-safe replay, history/controls/export/annotations and provenance-aware sandbox branching.",planned_unverified,pending,pending,pending,,,
R15.009,R15,Match History & Replay System,full deterministic event log.,false,PLAY + CLIENT,M2–M4,history/replay,§7/§8/§10,"Deterministic role-safe replay, history/controls/export/annotations and provenance-aware sandbox branching.",planned_unverified,pending,pending,pending,,,
R15.010,R15,Match History & Replay System,watch replay.,false,PLAY + CLIENT,M2–M4,history/replay,§7/§8/§10,"Deterministic role-safe replay, history/controls/export/annotations and provenance-aware sandbox branching.",planned_unverified,pending,pending,pending,,,
R15.011,R15,Match History & Replay System,pause.,false,PLAY + CLIENT,M2–M4,history/replay,§7/§8/§10,"Deterministic role-safe replay, history/controls/export/annotations and provenance-aware sandbox branching.",planned_unverified,pending,pending,pending,,,
R15.012,R15,Match History & Replay System,rewind.,false,PLAY + CLIENT,M2–M4,history/replay,§7/§8/§10,"Deterministic role-safe replay, history/controls/export/annotations and provenance-aware sandbox branching.",planned_unverified,pending,pending,pending,,,
R15.013,R15,Match History & Replay System,fast-forward.,false,PLAY + CLIENT,M2–M4,history/replay,§7/§8/§10,"Deterministic role-safe replay, history/controls/export/annotations and provenance-aware sandbox branching.",planned_unverified,pending,pending,pending,,,
R15.014,R15,Match History & Replay System,jump to turn.,false,PLAY + CLIENT,M2–M4,history/replay,§7/§8/§10,"Deterministic role-safe replay, history/controls/export/annotations and provenance-aware sandbox branching.",planned_unverified,pending,pending,pending,,,
R15.015,R15,Match History & Replay System,hide/reveal hands appropriately.,false,PLAY + CLIENT,M2–M4,history/replay,§7/§8/§10,"Deterministic role-safe replay, history/controls/export/annotations and provenance-aware sandbox branching.",planned_unverified,pending,pending,pending,,,
R15.016,R15,Match History & Replay System,share replay.,false,PLAY + CLIENT,M2–M4,history/replay,§7/§8/§10,"Deterministic role-safe replay, history/controls/export/annotations and provenance-aware sandbox branching.",planned_unverified,pending,pending,pending,,,
R15.017,R15,Match History & Replay System,download replay.,false,PLAY + CLIENT,M2–M4,history/replay,§7/§8/§10,"Deterministic role-safe replay, history/controls/export/annotations and provenance-aware sandbox branching.",planned_unverified,pending,pending,pending,,,
R15.018,R15,Match History & Replay System,replay annotations.,false,PLAY + CLIENT,M2–M4,history/replay,§7/§8/§10,"Deterministic role-safe replay, history/controls/export/annotations and provenance-aware sandbox branching.",planned_unverified,pending,pending,pending,,,
R15.019,R15,Match History & Replay System,convert replay positions into Sandbox states.,false,PLAY + CLIENT,M2–M4,history/replay,§7/§8/§10,"Deterministic role-safe replay, history/controls/export/annotations and provenance-aware sandbox branching.",planned_unverified,pending,pending,pending,,,
R16.001,R16,Post-Game Analytics,cards drawn.,false,COMP + AI,M3–M5,analytics,§10/§12,"Metrics recompute from immutable events; definitions, probability assumptions and privacy are documented.",planned_unverified,pending,pending,pending,,,
R16.002,R16,Post-Game Analytics,cards never drawn.,false,COMP + AI,M3–M5,analytics,§10/§12,"Metrics recompute from immutable events; definitions, probability assumptions and privacy are documented.",planned_unverified,pending,pending,pending,,,
R16.003,R16,Post-Game Analytics,cards inked.,false,COMP + AI,M3–M5,analytics,§10/§12,"Metrics recompute from immutable events; definitions, probability assumptions and privacy are documented.",planned_unverified,pending,pending,pending,,,
R16.004,R16,Post-Game Analytics,lore gained by card.,false,COMP + AI,M3–M5,analytics,§10/§12,"Metrics recompute from immutable events; definitions, probability assumptions and privacy are documented.",planned_unverified,pending,pending,pending,,,
R16.005,R16,Post-Game Analytics,damage dealt.,false,COMP + AI,M3–M5,analytics,§10/§12,"Metrics recompute from immutable events; definitions, probability assumptions and privacy are documented.",planned_unverified,pending,pending,pending,,,
R16.006,R16,Post-Game Analytics,challenges won/lost.,false,COMP + AI,M3–M5,analytics,§10/§12,"Metrics recompute from immutable events; definitions, probability assumptions and privacy are documented.",planned_unverified,pending,pending,pending,,,
R16.007,R16,Post-Game Analytics,cards played.,false,COMP + AI,M3–M5,analytics,§10/§12,"Metrics recompute from immutable events; definitions, probability assumptions and privacy are documented.",planned_unverified,pending,pending,pending,,,
R16.008,R16,Post-Game Analytics,resource efficiency.,false,COMP + AI,M3–M5,analytics,§10/§12,"Metrics recompute from immutable events; definitions, probability assumptions and privacy are documented.",planned_unverified,pending,pending,pending,,,
R16.009,R16,Post-Game Analytics,mulligan results.,false,COMP + AI,M3–M5,analytics,§10/§12,"Metrics recompute from immutable events; definitions, probability assumptions and privacy are documented.",planned_unverified,pending,pending,pending,,,
R16.010,R16,Post-Game Analytics,turns ahead/behind.,false,COMP + AI,M3–M5,analytics,§10/§12,"Metrics recompute from immutable events; definitions, probability assumptions and privacy are documented.",planned_unverified,pending,pending,pending,,,
R16.011,R16,Post-Game Analytics,win-condition timeline.,false,COMP + AI,M3–M5,analytics,§10/§12,"Metrics recompute from immutable events; definitions, probability assumptions and privacy are documented.",planned_unverified,pending,pending,pending,,,
R16.012,R16,Post-Game Analytics,draw probability.,false,COMP + AI,M3–M5,analytics,§10/§12,"Metrics recompute from immutable events; definitions, probability assumptions and privacy are documented.",planned_unverified,pending,pending,pending,,,
R16.013,R16,Post-Game Analytics,dead cards.,false,COMP + AI,M3–M5,analytics,§10/§12,"Metrics recompute from immutable events; definitions, probability assumptions and privacy are documented.",planned_unverified,pending,pending,pending,,,
R16.014,R16,Post-Game Analytics,matchup statistics.,false,COMP + AI,M3–M5,analytics,§10/§12,"Metrics recompute from immutable events; definitions, probability assumptions and privacy are documented.",planned_unverified,pending,pending,pending,,,
R16.015,R16,Post-Game Analytics,first-player vs second-player win rate.,false,COMP + AI,M3–M5,analytics,§10/§12,"Metrics recompute from immutable events; definitions, probability assumptions and privacy are documented.",planned_unverified,pending,pending,pending,,,
R16.016,R16,Post-Game Analytics,individual-deck statistics.,false,COMP + AI,M3–M5,analytics,§10/§12,"Metrics recompute from immutable events; definitions, probability assumptions and privacy are documented.",planned_unverified,pending,pending,pending,,,
R17.001,R17,Spectator System,Spectate friend.,false,PLAY + COMP,M3–M4,spectator privacy,§7/§10,"Authorized/delayed player, spectator, caster and judge views; delay survives reconnect and export.",planned_unverified,pending,pending,pending,,,
R17.002,R17,Spectator System,tournament spectator.,false,PLAY + COMP,M3–M4,spectator privacy,§7/§10,"Authorized/delayed player, spectator, caster and judge views; delay survives reconnect and export.",planned_unverified,pending,pending,pending,,,
R17.003,R17,Spectator System,spectator delay.,false,PLAY + COMP,M3–M4,spectator privacy,§7/§10,"Authorized/delayed player, spectator, caster and judge views; delay survives reconnect and export.",planned_unverified,pending,pending,pending,,,
R17.004,R17,Spectator System,hidden-information controls.,false,PLAY + COMP,M3–M4,spectator privacy,§7/§10,"Authorized/delayed player, spectator, caster and judge views; delay survives reconnect and export.",planned_unverified,pending,pending,pending,,,
R17.005,R17,Spectator System,observer slots.,false,PLAY + COMP,M3–M4,spectator privacy,§7/§10,"Authorized/delayed player, spectator, caster and judge views; delay survives reconnect and export.",planned_unverified,pending,pending,pending,,,
R17.006,R17,Spectator System,caster mode.,false,PLAY + COMP,M3–M4,spectator privacy,§7/§10,"Authorized/delayed player, spectator, caster and judge views; delay survives reconnect and export.",planned_unverified,pending,pending,pending,,,
R17.007,R17,Spectator System,full-information judge mode.,false,PLAY + COMP,M3–M4,spectator privacy,§7/§10,"Authorized/delayed player, spectator, caster and judge views; delay survives reconnect and export.",planned_unverified,pending,pending,pending,,,
R17.008,R17,Spectator System,decklists.,false,PLAY + COMP,M3–M4,spectator privacy,§7/§10,"Authorized/delayed player, spectator, caster and judge views; delay survives reconnect and export.",planned_unverified,pending,pending,pending,,,
R17.009,R17,Spectator System,hand visibility.,false,PLAY + COMP,M3–M4,spectator privacy,§7/§10,"Authorized/delayed player, spectator, caster and judge views; delay survives reconnect and export.",planned_unverified,pending,pending,pending,,,
R17.010,R17,Spectator System,card zoom.,false,PLAY + COMP,M3–M4,spectator privacy,§7/§10,"Authorized/delayed player, spectator, caster and judge views; delay survives reconnect and export.",planned_unverified,pending,pending,pending,,,
R17.011,R17,Spectator System,board overview.,false,PLAY + COMP,M3–M4,spectator privacy,§7/§10,"Authorized/delayed player, spectator, caster and judge views; delay survives reconnect and export.",planned_unverified,pending,pending,pending,,,
R17.012,R17,Spectator System,replay controls.,false,PLAY + COMP,M3–M4,spectator privacy,§7/§10,"Authorized/delayed player, spectator, caster and judge views; delay survives reconnect and export.",planned_unverified,pending,pending,pending,,,
R17.013,R17,Spectator System,Twitch/stream-friendly overlay support.,false,PLAY + COMP,M3–M4,spectator privacy,§7/§10,"Authorized/delayed player, spectator, caster and judge views; delay survives reconnect and export.",planned_unverified,pending,pending,pending,,,
R18.001,R18,Tournament Platform,Create tournament.,false,COMP + SOCIAL,M4,tournament policy,§6/§10/§13,Registration/deck locks/pairings/tiebreaks/cuts/timers and corrections follow tested versioned policy with scoped judges.,planned_unverified,pending,pending,pending,,,
R18.002,R18,Tournament Platform,player registration.,false,COMP + SOCIAL,M4,tournament policy,§6/§10/§13,Registration/deck locks/pairings/tiebreaks/cuts/timers and corrections follow tested versioned policy with scoped judges.,planned_unverified,pending,pending,pending,,,
R18.003,R18,Tournament Platform,deck registration.,false,COMP + SOCIAL,M4,tournament policy,§6/§10/§13,Registration/deck locks/pairings/tiebreaks/cuts/timers and corrections follow tested versioned policy with scoped judges.,planned_unverified,pending,pending,pending,,,
R18.004,R18,Tournament Platform,legality verification.,false,COMP + SOCIAL,M4,tournament policy,§6/§10/§13,Registration/deck locks/pairings/tiebreaks/cuts/timers and corrections follow tested versioned policy with scoped judges.,planned_unverified,pending,pending,pending,,,
R18.005,R18,Tournament Platform,Swiss pairing.,false,COMP + SOCIAL,M4,tournament policy,§6/§10/§13,Registration/deck locks/pairings/tiebreaks/cuts/timers and corrections follow tested versioned policy with scoped judges.,planned_unverified,pending,pending,pending,,,
R18.006,R18,Tournament Platform,round timers.,false,COMP + SOCIAL,M4,tournament policy,§6/§10/§13,Registration/deck locks/pairings/tiebreaks/cuts/timers and corrections follow tested versioned policy with scoped judges.,planned_unverified,pending,pending,pending,,,
R18.007,R18,Tournament Platform,standings.,false,COMP + SOCIAL,M4,tournament policy,§6/§10/§13,Registration/deck locks/pairings/tiebreaks/cuts/timers and corrections follow tested versioned policy with scoped judges.,planned_unverified,pending,pending,pending,,,
R18.008,R18,Tournament Platform,tiebreakers.,false,COMP + SOCIAL,M4,tournament policy,§6/§10/§13,Registration/deck locks/pairings/tiebreaks/cuts/timers and corrections follow tested versioned policy with scoped judges.,planned_unverified,pending,pending,pending,,,
R18.009,R18,Tournament Platform,Top Cut.,false,COMP + SOCIAL,M4,tournament policy,§6/§10/§13,Registration/deck locks/pairings/tiebreaks/cuts/timers and corrections follow tested versioned policy with scoped judges.,planned_unverified,pending,pending,pending,,,
R18.010,R18,Tournament Platform,single elimination.,false,COMP + SOCIAL,M4,tournament policy,§6/§10/§13,Registration/deck locks/pairings/tiebreaks/cuts/timers and corrections follow tested versioned policy with scoped judges.,planned_unverified,pending,pending,pending,,,
R18.011,R18,Tournament Platform,round-robin.,false,COMP + SOCIAL,M4,tournament policy,§6/§10/§13,Registration/deck locks/pairings/tiebreaks/cuts/timers and corrections follow tested versioned policy with scoped judges.,planned_unverified,pending,pending,pending,,,
R18.012,R18,Tournament Platform,best-of-three support.,false,COMP + SOCIAL,M4,tournament policy,§6/§10/§13,Registration/deck locks/pairings/tiebreaks/cuts/timers and corrections follow tested versioned policy with scoped judges.,planned_unverified,pending,pending,pending,,,
R18.013,R18,Tournament Platform,result reporting.,false,COMP + SOCIAL,M4,tournament policy,§6/§10/§13,Registration/deck locks/pairings/tiebreaks/cuts/timers and corrections follow tested versioned policy with scoped judges.,planned_unverified,pending,pending,pending,,,
R18.014,R18,Tournament Platform,judge controls.,false,COMP + SOCIAL,M4,tournament policy,§6/§10/§13,Registration/deck locks/pairings/tiebreaks/cuts/timers and corrections follow tested versioned policy with scoped judges.,planned_unverified,pending,pending,pending,,,
R18.015,R18,Tournament Platform,match restoration.,false,COMP + SOCIAL,M4,tournament policy,§6/§10/§13,Registration/deck locks/pairings/tiebreaks/cuts/timers and corrections follow tested versioned policy with scoped judges.,planned_unverified,pending,pending,pending,,,
R18.016,R18,Tournament Platform,spectator matches.,false,COMP + SOCIAL,M4,tournament policy,§6/§10/§13,Registration/deck locks/pairings/tiebreaks/cuts/timers and corrections follow tested versioned policy with scoped judges.,planned_unverified,pending,pending,pending,,,
R18.017,R18,Tournament Platform,tournament replay archive.,false,COMP + SOCIAL,M4,tournament policy,§6/§10/§13,Registration/deck locks/pairings/tiebreaks/cuts/timers and corrections follow tested versioned policy with scoped judges.,planned_unverified,pending,pending,pending,,,
R18.018,R18,Tournament Platform,tournament decklists.,false,COMP + SOCIAL,M4,tournament policy,§6/§10/§13,Registration/deck locks/pairings/tiebreaks/cuts/timers and corrections follow tested versioned policy with scoped judges.,planned_unverified,pending,pending,pending,,,
R18.019,R18,Tournament Platform,tournament statistics.,false,COMP + SOCIAL,M4,tournament policy,§6/§10/§13,Registration/deck locks/pairings/tiebreaks/cuts/timers and corrections follow tested versioned policy with scoped judges.,planned_unverified,pending,pending,pending,,,
R18.020,R18,Tournament Platform,tournament admin dashboard.,false,COMP + SOCIAL,M4,tournament policy,§6/§10/§13,Registration/deck locks/pairings/tiebreaks/cuts/timers and corrections follow tested versioned policy with scoped judges.,planned_unverified,pending,pending,pending,,,
R19.001,R19,Social Features,Friends.,false,SOCIAL,M3–M5,community/safety,§10/§13,Consent-based friends/presence/challenges/sharing and selected chat/groups; blocks/reports enforced server-side.,planned_unverified,pending,pending,pending,,,
R19.002,R19,Social Features,friend requests.,false,SOCIAL,M3–M5,community/safety,§10/§13,Consent-based friends/presence/challenges/sharing and selected chat/groups; blocks/reports enforced server-side.,planned_unverified,pending,pending,pending,,,
R19.003,R19,Social Features,direct challenges.,false,SOCIAL,M3–M5,community/safety,§10/§13,Consent-based friends/presence/challenges/sharing and selected chat/groups; blocks/reports enforced server-side.,planned_unverified,pending,pending,pending,,,
R19.004,R19,Social Features,presence/status.,false,SOCIAL,M3–M5,community/safety,§10/§13,Consent-based friends/presence/challenges/sharing and selected chat/groups; blocks/reports enforced server-side.,planned_unverified,pending,pending,pending,,,
R19.005,R19,Social Features,clubs/guilds optionally.,true,SOCIAL,M3–M5,community/safety,§10/§13,Consent-based friends/presence/challenges/sharing and selected chat/groups; blocks/reports enforced server-side.,planned_unverified,pending,pending,pending,,,
R19.006,R19,Social Features,deck sharing.,false,SOCIAL,M3–M5,community/safety,§10/§13,Consent-based friends/presence/challenges/sharing and selected chat/groups; blocks/reports enforced server-side.,planned_unverified,pending,pending,pending,,,
R19.007,R19,Social Features,profile viewing.,false,SOCIAL,M3–M5,community/safety,§10/§13,Consent-based friends/presence/challenges/sharing and selected chat/groups; blocks/reports enforced server-side.,planned_unverified,pending,pending,pending,,,
R19.008,R19,Social Features,reactions/emotes.,false,SOCIAL,M3–M5,community/safety,§10/§13,Consent-based friends/presence/challenges/sharing and selected chat/groups; blocks/reports enforced server-side.,planned_unverified,pending,pending,pending,,,
R19.009,R19,Social Features,controlled chat.,false,SOCIAL,M3–M5,community/safety,§10/§13,Consent-based friends/presence/challenges/sharing and selected chat/groups; blocks/reports enforced server-side.,planned_unverified,pending,pending,pending,,,
R19.010,R19,Social Features,block/mute/report.,false,SOCIAL,M3–M5,community/safety,§10/§13,Consent-based friends/presence/challenges/sharing and selected chat/groups; blocks/reports enforced server-side.,planned_unverified,pending,pending,pending,,,
R19.011,R19,Social Features,spectator invites.,false,SOCIAL,M3–M5,community/safety,§10/§13,Consent-based friends/presence/challenges/sharing and selected chat/groups; blocks/reports enforced server-side.,planned_unverified,pending,pending,pending,,,
R19.012,R19,Social Features,tournament groups.,false,SOCIAL,M3–M5,community/safety,§10/§13,Consent-based friends/presence/challenges/sharing and selected chat/groups; blocks/reports enforced server-side.,planned_unverified,pending,pending,pending,,,
R20.001,R20,Card Encyclopedia,Every card.,false,CONTENT + CLIENT,M3,encyclopedia,§6/§10,"Every declared identity/printing and sourced metadata/rulings/errata/relations with search, ownership and deck/Lab links.",planned_unverified,pending,pending,pending,,,
R20.002,R20,Card Encyclopedia,every printing.,false,CONTENT + CLIENT,M3,encyclopedia,§6/§10,"Every declared identity/printing and sourced metadata/rulings/errata/relations with search, ownership and deck/Lab links.",planned_unverified,pending,pending,pending,,,
R20.003,R20,Card Encyclopedia,high-resolution art.,false,CONTENT + CLIENT,M3,encyclopedia,§6/§10,"Every declared identity/printing and sourced metadata/rulings/errata/relations with search, ownership and deck/Lab links.",planned_unverified,pending,pending,pending,,,
R20.004,R20,Card Encyclopedia,rulings.,false,CONTENT + CLIENT,M3,encyclopedia,§6/§10,"Every declared identity/printing and sourced metadata/rulings/errata/relations with search, ownership and deck/Lab links.",planned_unverified,pending,pending,pending,,,
R20.005,R20,Card Encyclopedia,errata.,false,CONTENT + CLIENT,M3,encyclopedia,§6/§10,"Every declared identity/printing and sourced metadata/rulings/errata/relations with search, ownership and deck/Lab links.",planned_unverified,pending,pending,pending,,,
R20.006,R20,Card Encyclopedia,related cards.,false,CONTENT + CLIENT,M3,encyclopedia,§6/§10,"Every declared identity/printing and sourced metadata/rulings/errata/relations with search, ownership and deck/Lab links.",planned_unverified,pending,pending,pending,,,
R20.007,R20,Card Encyclopedia,alternate versions.,false,CONTENT + CLIENT,M3,encyclopedia,§6/§10,"Every declared identity/printing and sourced metadata/rulings/errata/relations with search, ownership and deck/Lab links.",planned_unverified,pending,pending,pending,,,
R20.008,R20,Card Encyclopedia,artist.,false,CONTENT + CLIENT,M3,encyclopedia,§6/§10,"Every declared identity/printing and sourced metadata/rulings/errata/relations with search, ownership and deck/Lab links.",planned_unverified,pending,pending,pending,,,
R20.009,R20,Card Encyclopedia,franchise.,false,CONTENT + CLIENT,M3,encyclopedia,§6/§10,"Every declared identity/printing and sourced metadata/rulings/errata/relations with search, ownership and deck/Lab links.",planned_unverified,pending,pending,pending,,,
R20.010,R20,Card Encyclopedia,set.,false,CONTENT + CLIENT,M3,encyclopedia,§6/§10,"Every declared identity/printing and sourced metadata/rulings/errata/relations with search, ownership and deck/Lab links.",planned_unverified,pending,pending,pending,,,
R20.011,R20,Card Encyclopedia,rarity.,false,CONTENT + CLIENT,M3,encyclopedia,§6/§10,"Every declared identity/printing and sourced metadata/rulings/errata/relations with search, ownership and deck/Lab links.",planned_unverified,pending,pending,pending,,,
R20.012,R20,Card Encyclopedia,legality.,false,CONTENT + CLIENT,M3,encyclopedia,§6/§10,"Every declared identity/printing and sourced metadata/rulings/errata/relations with search, ownership and deck/Lab links.",planned_unverified,pending,pending,pending,,,
R20.013,R20,Card Encyclopedia,release history.,false,CONTENT + CLIENT,M3,encyclopedia,§6/§10,"Every declared identity/printing and sourced metadata/rulings/errata/relations with search, ownership and deck/Lab links.",planned_unverified,pending,pending,pending,,,
R20.014,R20,Card Encyclopedia,search.,false,CONTENT + CLIENT,M3,encyclopedia,§6/§10,"Every declared identity/printing and sourced metadata/rulings/errata/relations with search, ownership and deck/Lab links.",planned_unverified,pending,pending,pending,,,
R20.015,R20,Card Encyclopedia,advanced filters.,false,CONTENT + CLIENT,M3,encyclopedia,§6/§10,"Every declared identity/printing and sourced metadata/rulings/errata/relations with search, ownership and deck/Lab links.",planned_unverified,pending,pending,pending,,,
R20.016,R20,Card Encyclopedia,“cards that reference this card.”,false,CONTENT + CLIENT,M3,encyclopedia,§6/§10,"Every declared identity/printing and sourced metadata/rulings/errata/relations with search, ownership and deck/Lab links.",planned_unverified,pending,pending,pending,,,
R20.017,R20,Card Encyclopedia,keyword cross-links.,false,CONTENT + CLIENT,M3,encyclopedia,§6/§10,"Every declared identity/printing and sourced metadata/rulings/errata/relations with search, ownership and deck/Lab links.",planned_unverified,pending,pending,pending,,,
R20.018,R20,Card Encyclopedia,deck usage statistics.,false,CONTENT + CLIENT,M3,encyclopedia,§6/§10,"Every declared identity/printing and sourced metadata/rulings/errata/relations with search, ownership and deck/Lab links.",planned_unverified,pending,pending,pending,,,
R20.019,R20,Card Encyclopedia,collection ownership.,false,CONTENT + CLIENT,M3,encyclopedia,§6/§10,"Every declared identity/printing and sourced metadata/rulings/errata/relations with search, ownership and deck/Lab links.",planned_unverified,pending,pending,pending,,,
R20.020,R20,Card Encyclopedia,add to deck.,false,CONTENT + CLIENT,M3,encyclopedia,§6/§10,"Every declared identity/printing and sourced metadata/rulings/errata/relations with search, ownership and deck/Lab links.",planned_unverified,pending,pending,pending,,,
R20.021,R20,Card Encyclopedia,test in Sandbox.,false,CONTENT + CLIENT,M3,encyclopedia,§6/§10,"Every declared identity/printing and sourced metadata/rulings/errata/relations with search, ownership and deck/Lab links.",planned_unverified,pending,pending,pending,,,
R21.001,R21,Metagame & Competitive Data,Popular decks.,false,COMP + AI,M4–M5,metagame aggregates,§10/§12,"Reproducible segmented metrics, taxonomy and uncertainty/sample/bias disclosure; no private match data exposure.",planned_unverified,pending,pending,pending,,,
R21.002,R21,Metagame & Competitive Data,archetypes.,false,COMP + AI,M4–M5,metagame aggregates,§10/§12,"Reproducible segmented metrics, taxonomy and uncertainty/sample/bias disclosure; no private match data exposure.",planned_unverified,pending,pending,pending,,,
R21.003,R21,Metagame & Competitive Data,win rates.,false,COMP + AI,M4–M5,metagame aggregates,§10/§12,"Reproducible segmented metrics, taxonomy and uncertainty/sample/bias disclosure; no private match data exposure.",planned_unverified,pending,pending,pending,,,
R21.004,R21,Metagame & Competitive Data,matchup matrices.,false,COMP + AI,M4–M5,metagame aggregates,§10/§12,"Reproducible segmented metrics, taxonomy and uncertainty/sample/bias disclosure; no private match data exposure.",planned_unverified,pending,pending,pending,,,
R21.005,R21,Metagame & Competitive Data,card usage.,false,COMP + AI,M4–M5,metagame aggregates,§10/§12,"Reproducible segmented metrics, taxonomy and uncertainty/sample/bias disclosure; no private match data exposure.",planned_unverified,pending,pending,pending,,,
R21.006,R21,Metagame & Competitive Data,ink-color usage.,false,COMP + AI,M4–M5,metagame aggregates,§10/§12,"Reproducible segmented metrics, taxonomy and uncertainty/sample/bias disclosure; no private match data exposure.",planned_unverified,pending,pending,pending,,,
R21.007,R21,Metagame & Competitive Data,tournament results.,false,COMP + AI,M4–M5,metagame aggregates,§10/§12,"Reproducible segmented metrics, taxonomy and uncertainty/sample/bias disclosure; no private match data exposure.",planned_unverified,pending,pending,pending,,,
R21.008,R21,Metagame & Competitive Data,ladder results.,false,COMP + AI,M4–M5,metagame aggregates,§10/§12,"Reproducible segmented metrics, taxonomy and uncertainty/sample/bias disclosure; no private match data exposure.",planned_unverified,pending,pending,pending,,,
R21.009,R21,Metagame & Competitive Data,rank-specific statistics.,false,COMP + AI,M4–M5,metagame aggregates,§10/§12,"Reproducible segmented metrics, taxonomy and uncertainty/sample/bias disclosure; no private match data exposure.",planned_unverified,pending,pending,pending,,,
R21.010,R21,Metagame & Competitive Data,patch/rules-period filtering.,false,COMP + AI,M4–M5,metagame aggregates,§10/§12,"Reproducible segmented metrics, taxonomy and uncertainty/sample/bias disclosure; no private match data exposure.",planned_unverified,pending,pending,pending,,,
R21.011,R21,Metagame & Competitive Data,set-period filtering.,false,COMP + AI,M4–M5,metagame aggregates,§10/§12,"Reproducible segmented metrics, taxonomy and uncertainty/sample/bias disclosure; no private match data exposure.",planned_unverified,pending,pending,pending,,,
R21.012,R21,Metagame & Competitive Data,rotation-period filtering.,false,COMP + AI,M4–M5,metagame aggregates,§10/§12,"Reproducible segmented metrics, taxonomy and uncertainty/sample/bias disclosure; no private match data exposure.",planned_unverified,pending,pending,pending,,,
R21.013,R21,Metagame & Competitive Data,trending cards.,false,COMP + AI,M4–M5,metagame aggregates,§10/§12,"Reproducible segmented metrics, taxonomy and uncertainty/sample/bias disclosure; no private match data exposure.",planned_unverified,pending,pending,pending,,,
R21.014,R21,Metagame & Competitive Data,deck evolution.,false,COMP + AI,M4–M5,metagame aggregates,§10/§12,"Reproducible segmented metrics, taxonomy and uncertainty/sample/bias disclosure; no private match data exposure.",planned_unverified,pending,pending,pending,,,
R21.015,R21,Metagame & Competitive Data,user-submitted archetype labels with canonical mappings.,false,COMP + AI,M4–M5,metagame aggregates,§10/§12,"Reproducible segmented metrics, taxonomy and uncertainty/sample/bias disclosure; no private match data exposure.",planned_unverified,pending,pending,pending,,,
R22.001,R22,Deck Discovery,Public decklists.,false,CLIENT + COMP,M3–M5,deck discovery,§9/§10,Discover/copy/bookmark and missing-card acquisition flows; unrestricted Lab available independent of ownership.,planned_unverified,pending,pending,pending,,,
R22.002,R22,Deck Discovery,trending decks.,false,CLIENT + COMP,M3–M5,deck discovery,§9/§10,Discover/copy/bookmark and missing-card acquisition flows; unrestricted Lab available independent of ownership.,planned_unverified,pending,pending,pending,,,
R22.003,R22,Deck Discovery,tournament decks.,false,CLIENT + COMP,M3–M5,deck discovery,§9/§10,Discover/copy/bookmark and missing-card acquisition flows; unrestricted Lab available independent of ownership.,planned_unverified,pending,pending,pending,,,
R22.004,R22,Deck Discovery,player decks.,false,CLIENT + COMP,M3–M5,deck discovery,§9/§10,Discover/copy/bookmark and missing-card acquisition flows; unrestricted Lab available independent of ownership.,planned_unverified,pending,pending,pending,,,
R22.005,R22,Deck Discovery,archetype browser.,false,CLIENT + COMP,M3–M5,deck discovery,§9/§10,Discover/copy/bookmark and missing-card acquisition flows; unrestricted Lab available independent of ownership.,planned_unverified,pending,pending,pending,,,
R22.006,R22,Deck Discovery,budget decks.,false,CLIENT + COMP,M3–M5,deck discovery,§9/§10,Discover/copy/bookmark and missing-card acquisition flows; unrestricted Lab available independent of ownership.,planned_unverified,pending,pending,pending,,,
R22.007,R22,Deck Discovery,beginner decks.,false,CLIENT + COMP,M3–M5,deck discovery,§9/§10,Discover/copy/bookmark and missing-card acquisition flows; unrestricted Lab available independent of ownership.,planned_unverified,pending,pending,pending,,,
R22.008,R22,Deck Discovery,favorites/bookmarks.,false,CLIENT + COMP,M3–M5,deck discovery,§9/§10,Discover/copy/bookmark and missing-card acquisition flows; unrestricted Lab available independent of ownership.,planned_unverified,pending,pending,pending,,,
R22.009,R22,Deck Discovery,copy directly into deckbuilder.,false,CLIENT + COMP,M3–M5,deck discovery,§9/§10,Discover/copy/bookmark and missing-card acquisition flows; unrestricted Lab available independent of ownership.,planned_unverified,pending,pending,pending,,,
R22.010,R22,Deck Discovery,show missing cards.,false,CLIENT + COMP,M3–M5,deck discovery,§9/§10,Discover/copy/bookmark and missing-card acquisition flows; unrestricted Lab available independent of ownership.,planned_unverified,pending,pending,pending,,,
R22.011,R22,Deck Discovery,craft missing cards.,false,CLIENT + COMP,M3–M5,deck discovery,§9/§10,Discover/copy/bookmark and missing-card acquisition flows; unrestricted Lab available independent of ownership.,planned_unverified,pending,pending,pending,,,
R22.012,R22,Deck Discovery,“Play in Sandbox” regardless of ownership.,false,CLIENT + COMP,M3–M5,deck discovery,§9/§10,Discover/copy/bookmark and missing-card acquisition flows; unrestricted Lab available independent of ownership.,planned_unverified,pending,pending,pending,,,
R23.001,R23,Achievements,Win first match.,false,ECON + CONTENT,M3–M5,achievements,§9/§10,Event-derived progress and rewards idempotent; hidden criteria and badges/titles controlled.,planned_unverified,pending,pending,pending,,,
R23.002,R23,Achievements,reach 20 lore exactly.,false,ECON + CONTENT,M3–M5,achievements,§9/§10,Event-derived progress and rewards idempotent; hidden criteria and badges/titles controlled.,planned_unverified,pending,pending,pending,,,
R23.003,R23,Achievements,win with each ink pairing.,false,ECON + CONTENT,M3–M5,achievements,§9/§10,Event-derived progress and rewards idempotent; hidden criteria and badges/titles controlled.,planned_unverified,pending,pending,pending,,,
R23.004,R23,Achievements,complete set.,false,ECON + CONTENT,M3–M5,achievements,§9/§10,Event-derived progress and rewards idempotent; hidden criteria and badges/titles controlled.,planned_unverified,pending,pending,pending,,,
R23.005,R23,Achievements,play certain franchises.,false,ECON + CONTENT,M3–M5,achievements,§9/§10,Event-derived progress and rewards idempotent; hidden criteria and badges/titles controlled.,planned_unverified,pending,pending,pending,,,
R23.006,R23,Achievements,collect legendary cards.,false,ECON + CONTENT,M3–M5,achievements,§9/§10,Event-derived progress and rewards idempotent; hidden criteria and badges/titles controlled.,planned_unverified,pending,pending,pending,,,
R23.007,R23,Achievements,rank achievements.,false,ECON + CONTENT,M3–M5,achievements,§9/§10,Event-derived progress and rewards idempotent; hidden criteria and badges/titles controlled.,planned_unverified,pending,pending,pending,,,
R23.008,R23,Achievements,tournament achievements.,false,ECON + CONTENT,M3–M5,achievements,§9/§10,Event-derived progress and rewards idempotent; hidden criteria and badges/titles controlled.,planned_unverified,pending,pending,pending,,,
R23.009,R23,Achievements,unusual gameplay accomplishments.,false,ECON + CONTENT,M3–M5,achievements,§9/§10,Event-derived progress and rewards idempotent; hidden criteria and badges/titles controlled.,planned_unverified,pending,pending,pending,,,
R23.010,R23,Achievements,hidden achievements.,false,ECON + CONTENT,M3–M5,achievements,§9/§10,Event-derived progress and rewards idempotent; hidden criteria and badges/titles controlled.,planned_unverified,pending,pending,pending,,,
R23.011,R23,Achievements,profile badges/titles.,false,ECON + CONTENT,M3–M5,achievements,§9/§10,Event-derived progress and rewards idempotent; hidden criteria and badges/titles controlled.,planned_unverified,pending,pending,pending,,,
R24.001,R24,Cosmetics,avatars.,false,CLIENT + CONTENT,M2–M5,cosmetic presentation,§9/§11,"Selected cosmetics earned/equipped/synced with provenance; clarity, accessibility and performance preserved.",planned_unverified,pending,pending,pending,,,
R24.002,R24,Cosmetics,card backs.,false,CLIENT + CONTENT,M2–M5,cosmetic presentation,§9/§11,"Selected cosmetics earned/equipped/synced with provenance; clarity, accessibility and performance preserved.",planned_unverified,pending,pending,pending,,,
R24.003,R24,Cosmetics,playmats.,false,CLIENT + CONTENT,M2–M5,cosmetic presentation,§9/§11,"Selected cosmetics earned/equipped/synced with provenance; clarity, accessibility and performance preserved.",planned_unverified,pending,pending,pending,,,
R24.004,R24,Cosmetics,boards.,false,CLIENT + CONTENT,M2–M5,cosmetic presentation,§9/§11,"Selected cosmetics earned/equipped/synced with provenance; clarity, accessibility and performance preserved.",planned_unverified,pending,pending,pending,,,
R24.005,R24,Cosmetics,lore counters.,false,CLIENT + CONTENT,M2–M5,cosmetic presentation,§9/§11,"Selected cosmetics earned/equipped/synced with provenance; clarity, accessibility and performance preserved.",planned_unverified,pending,pending,pending,,,
R24.006,R24,Cosmetics,avatars/companions.,false,CLIENT + CONTENT,M2–M5,cosmetic presentation,§9/§11,"Selected cosmetics earned/equipped/synced with provenance; clarity, accessibility and performance preserved.",planned_unverified,pending,pending,pending,,,
R24.007,R24,Cosmetics,emotes.,false,CLIENT + CONTENT,M2–M5,cosmetic presentation,§9/§11,"Selected cosmetics earned/equipped/synced with provenance; clarity, accessibility and performance preserved.",planned_unverified,pending,pending,pending,,,
R24.008,R24,Cosmetics,titles.,false,CLIENT + CONTENT,M2–M5,cosmetic presentation,§9/§11,"Selected cosmetics earned/equipped/synced with provenance; clarity, accessibility and performance preserved.",planned_unverified,pending,pending,pending,,,
R24.009,R24,Cosmetics,profile frames.,false,CLIENT + CONTENT,M2–M5,cosmetic presentation,§9/§11,"Selected cosmetics earned/equipped/synced with provenance; clarity, accessibility and performance preserved.",planned_unverified,pending,pending,pending,,,
R24.010,R24,Cosmetics,card-play effects.,false,CLIENT + CONTENT,M2–M5,cosmetic presentation,§9/§11,"Selected cosmetics earned/equipped/synced with provenance; clarity, accessibility and performance preserved.",planned_unverified,pending,pending,pending,,,
R24.011,R24,Cosmetics,premium card animations.,false,CLIENT + CONTENT,M2–M5,cosmetic presentation,§9/§11,"Selected cosmetics earned/equipped/synced with provenance; clarity, accessibility and performance preserved.",planned_unverified,pending,pending,pending,,,
R24.012,R24,Cosmetics,franchise themes.,false,CLIENT + CONTENT,M2–M5,cosmetic presentation,§9/§11,"Selected cosmetics earned/equipped/synced with provenance; clarity, accessibility and performance preserved.",planned_unverified,pending,pending,pending,,,
R25.001,R25,Accessibility & User Experience,scalable UI.,false,CLIENT + QA,All milestones,device/accessibility,§11/§14/§15,"Keyboard, semantic board, contrast/text/motion/audio/localization and actual desktop/tablet/phone acceptance evidence.",planned_unverified,pending,pending,pending,,,
R25.002,R25,Accessibility & User Experience,mobile/tablet/desktop layouts.,false,CLIENT + QA,All milestones,device/accessibility,§11/§14/§15,"Keyboard, semantic board, contrast/text/motion/audio/localization and actual desktop/tablet/phone acceptance evidence.",planned_unverified,pending,pending,pending,,,
R25.003,R25,Accessibility & User Experience,color-blind support.,false,CLIENT + QA,All milestones,device/accessibility,§11/§14/§15,"Keyboard, semantic board, contrast/text/motion/audio/localization and actual desktop/tablet/phone acceptance evidence.",planned_unverified,pending,pending,pending,,,
R25.004,R25,Accessibility & User Experience,high contrast.,false,CLIENT + QA,All milestones,device/accessibility,§11/§14/§15,"Keyboard, semantic board, contrast/text/motion/audio/localization and actual desktop/tablet/phone acceptance evidence.",planned_unverified,pending,pending,pending,,,
R25.005,R25,Accessibility & User Experience,screen-reader considerations.,false,CLIENT + QA,All milestones,device/accessibility,§11/§14/§15,"Keyboard, semantic board, contrast/text/motion/audio/localization and actual desktop/tablet/phone acceptance evidence.",planned_unverified,pending,pending,pending,,,
R25.006,R25,Accessibility & User Experience,keyboard navigation.,false,CLIENT + QA,All milestones,device/accessibility,§11/§14/§15,"Keyboard, semantic board, contrast/text/motion/audio/localization and actual desktop/tablet/phone acceptance evidence.",planned_unverified,pending,pending,pending,,,
R25.007,R25,Accessibility & User Experience,reduced animation.,false,CLIENT + QA,All milestones,device/accessibility,§11/§14/§15,"Keyboard, semantic board, contrast/text/motion/audio/localization and actual desktop/tablet/phone acceptance evidence.",planned_unverified,pending,pending,pending,,,
R25.008,R25,Accessibility & User Experience,reduced motion.,false,CLIENT + QA,All milestones,device/accessibility,§11/§14/§15,"Keyboard, semantic board, contrast/text/motion/audio/localization and actual desktop/tablet/phone acceptance evidence.",planned_unverified,pending,pending,pending,,,
R25.009,R25,Accessibility & User Experience,large-card preview.,false,CLIENT + QA,All milestones,device/accessibility,§11/§14/§15,"Keyboard, semantic board, contrast/text/motion/audio/localization and actual desktop/tablet/phone acceptance evidence.",planned_unverified,pending,pending,pending,,,
R25.010,R25,Accessibility & User Experience,readable text mode.,false,CLIENT + QA,All milestones,device/accessibility,§11/§14/§15,"Keyboard, semantic board, contrast/text/motion/audio/localization and actual desktop/tablet/phone acceptance evidence.",planned_unverified,pending,pending,pending,,,
R25.011,R25,Accessibility & User Experience,animation speed.,false,CLIENT + QA,All milestones,device/accessibility,§11/§14/§15,"Keyboard, semantic board, contrast/text/motion/audio/localization and actual desktop/tablet/phone acceptance evidence.",planned_unverified,pending,pending,pending,,,
R25.012,R25,Accessibility & User Experience,auto-pass preferences.,false,CLIENT + QA,All milestones,device/accessibility,§11/§14/§15,"Keyboard, semantic board, contrast/text/motion/audio/localization and actual desktop/tablet/phone acceptance evidence.",planned_unverified,pending,pending,pending,,,
R25.013,R25,Accessibility & User Experience,confirmation settings.,false,CLIENT + QA,All milestones,device/accessibility,§11/§14/§15,"Keyboard, semantic board, contrast/text/motion/audio/localization and actual desktop/tablet/phone acceptance evidence.",planned_unverified,pending,pending,pending,,,
R25.014,R25,Accessibility & User Experience,audio controls.,false,CLIENT + QA,All milestones,device/accessibility,§11/§14/§15,"Keyboard, semantic board, contrast/text/motion/audio/localization and actual desktop/tablet/phone acceptance evidence.",planned_unverified,pending,pending,pending,,,
R25.015,R25,Accessibility & User Experience,localization.,false,CLIENT + QA,All milestones,device/accessibility,§11/§14/§15,"Keyboard, semantic board, contrast/text/motion/audio/localization and actual desktop/tablet/phone acceptance evidence.",planned_unverified,pending,pending,pending,,,
R25.016,R25,Accessibility & User Experience,alternate card-text presentation.,false,CLIENT + QA,All milestones,device/accessibility,§11/§14/§15,"Keyboard, semantic board, contrast/text/motion/audio/localization and actual desktop/tablet/phone acceptance evidence.",planned_unverified,pending,pending,pending,,,
R26.001,R26,Notifications,friend online.,false,SOCIAL,M3–M5,notifications,§10/§13,"Correct recipient, dedupe, preferences/quiet hours/deep links and rotation warnings with channel fallback.",planned_unverified,pending,pending,pending,,,
R26.002,R26,Notifications,challenge.,false,SOCIAL,M3–M5,notifications,§10/§13,"Correct recipient, dedupe, preferences/quiet hours/deep links and rotation warnings with channel fallback.",planned_unverified,pending,pending,pending,,,
R26.003,R26,Notifications,tournament starting.,false,SOCIAL,M3–M5,notifications,§10/§13,"Correct recipient, dedupe, preferences/quiet hours/deep links and rotation warnings with channel fallback.",planned_unverified,pending,pending,pending,,,
R26.004,R26,Notifications,round pairing.,false,SOCIAL,M3–M5,notifications,§10/§13,"Correct recipient, dedupe, preferences/quiet hours/deep links and rotation warnings with channel fallback.",planned_unverified,pending,pending,pending,,,
R26.005,R26,Notifications,new set.,false,SOCIAL,M3–M5,notifications,§10/§13,"Correct recipient, dedupe, preferences/quiet hours/deep links and rotation warnings with channel fallback.",planned_unverified,pending,pending,pending,,,
R26.006,R26,Notifications,new cards.,false,SOCIAL,M3–M5,notifications,§10/§13,"Correct recipient, dedupe, preferences/quiet hours/deep links and rotation warnings with channel fallback.",planned_unverified,pending,pending,pending,,,
R26.007,R26,Notifications,rewards.,false,SOCIAL,M3–M5,notifications,§10/§13,"Correct recipient, dedupe, preferences/quiet hours/deep links and rotation warnings with channel fallback.",planned_unverified,pending,pending,pending,,,
R26.008,R26,Notifications,daily/weekly progress.,false,SOCIAL,M3–M5,notifications,§10/§13,"Correct recipient, dedupe, preferences/quiet hours/deep links and rotation warnings with channel fallback.",planned_unverified,pending,pending,pending,,,
R26.009,R26,Notifications,season ending.,false,SOCIAL,M3–M5,notifications,§10/§13,"Correct recipient, dedupe, preferences/quiet hours/deep links and rotation warnings with channel fallback.",planned_unverified,pending,pending,pending,,,
R26.010,R26,Notifications,collection milestones.,false,SOCIAL,M3–M5,notifications,§10/§13,"Correct recipient, dedupe, preferences/quiet hours/deep links and rotation warnings with channel fallback.",planned_unverified,pending,pending,pending,,,
R26.011,R26,Notifications,deck invalidated by rotation/ban.,false,SOCIAL,M3–M5,notifications,§10/§13,"Correct recipient, dedupe, preferences/quiet hours/deep links and rotation warnings with channel fallback.",planned_unverified,pending,pending,pending,,,
R27.001,R27,Content Management Backend,Add new sets without client-code releases where possible.,false,CONTENT + OPS,M0–M5,content operations,§5/§6/§13/§15,"Permissioned staging/versioning/diff/review/activation/rollback of content, scripts, assets, formats and economy configurations.",planned_unverified,pending,pending,pending,,,
R27.002,R27,Content Management Backend,add cards.,false,CONTENT + OPS,M0–M5,content operations,§5/§6/§13/§15,"Permissioned staging/versioning/diff/review/activation/rollback of content, scripts, assets, formats and economy configurations.",planned_unverified,pending,pending,pending,,,
R27.003,R27,Content Management Backend,edit card metadata.,false,CONTENT + OPS,M0–M5,content operations,§5/§6/§13/§15,"Permissioned staging/versioning/diff/review/activation/rollback of content, scripts, assets, formats and economy configurations.",planned_unverified,pending,pending,pending,,,
R27.004,R27,Content Management Backend,deploy card scripts.,false,CONTENT + OPS,M0–M5,content operations,§5/§6/§13/§15,"Permissioned staging/versioning/diff/review/activation/rollback of content, scripts, assets, formats and economy configurations.",planned_unverified,pending,pending,pending,,,
R27.005,R27,Content Management Backend,modify rulings.,false,CONTENT + OPS,M0–M5,content operations,§5/§6/§13/§15,"Permissioned staging/versioning/diff/review/activation/rollback of content, scripts, assets, formats and economy configurations.",planned_unverified,pending,pending,pending,,,
R27.006,R27,Content Management Backend,add formats.,false,CONTENT + OPS,M0–M5,content operations,§5/§6/§13/§15,"Permissioned staging/versioning/diff/review/activation/rollback of content, scripts, assets, formats and economy configurations.",planned_unverified,pending,pending,pending,,,
R27.007,R27,Content Management Backend,change legality.,false,CONTENT + OPS,M0–M5,content operations,§5/§6/§13/§15,"Permissioned staging/versioning/diff/review/activation/rollback of content, scripts, assets, formats and economy configurations.",planned_unverified,pending,pending,pending,,,
R27.008,R27,Content Management Backend,set rotation dates.,false,CONTENT + OPS,M0–M5,content operations,§5/§6/§13/§15,"Permissioned staging/versioning/diff/review/activation/rollback of content, scripts, assets, formats and economy configurations.",planned_unverified,pending,pending,pending,,,
R27.009,R27,Content Management Backend,add virtual products.,false,CONTENT + OPS,M0–M5,content operations,§5/§6/§13/§15,"Permissioned staging/versioning/diff/review/activation/rollback of content, scripts, assets, formats and economy configurations.",planned_unverified,pending,pending,pending,,,
R27.010,R27,Content Management Backend,configure drop rates.,false,CONTENT + OPS,M0–M5,content operations,§5/§6/§13/§15,"Permissioned staging/versioning/diff/review/activation/rollback of content, scripts, assets, formats and economy configurations.",planned_unverified,pending,pending,pending,,,
R27.011,R27,Content Management Backend,configure rewards.,false,CONTENT + OPS,M0–M5,content operations,§5/§6/§13/§15,"Permissioned staging/versioning/diff/review/activation/rollback of content, scripts, assets, formats and economy configurations.",planned_unverified,pending,pending,pending,,,
R27.012,R27,Content Management Backend,configure events.,false,CONTENT + OPS,M0–M5,content operations,§5/§6/§13/§15,"Permissioned staging/versioning/diff/review/activation/rollback of content, scripts, assets, formats and economy configurations.",planned_unverified,pending,pending,pending,,,
R27.013,R27,Content Management Backend,configure tournaments.,false,CONTENT + OPS,M0–M5,content operations,§5/§6/§13/§15,"Permissioned staging/versioning/diff/review/activation/rollback of content, scripts, assets, formats and economy configurations.",planned_unverified,pending,pending,pending,,,
R27.014,R27,Content Management Backend,localization pipeline.,false,CONTENT + OPS,M0–M5,content operations,§5/§6/§13/§15,"Permissioned staging/versioning/diff/review/activation/rollback of content, scripts, assets, formats and economy configurations.",planned_unverified,pending,pending,pending,,,
R27.015,R27,Content Management Backend,asset management.,false,CONTENT + OPS,M0–M5,content operations,§5/§6/§13/§15,"Permissioned staging/versioning/diff/review/activation/rollback of content, scripts, assets, formats and economy configurations.",planned_unverified,pending,pending,pending,,,
R27.016,R27,Content Management Backend,staging/production environments.,false,CONTENT + OPS,M0–M5,content operations,§5/§6/§13/§15,"Permissioned staging/versioning/diff/review/activation/rollback of content, scripts, assets, formats and economy configurations.",planned_unverified,pending,pending,pending,,,
R28.001,R28,Card Implementation Testing,Unit tests for every card.,false,RULE + QA,All milestones,certification tests,§6/§15,Meaningful per-card/interaction/keyword/regression and invariant/replay/fuzz suites for all admitted content.,planned_unverified,pending,pending,pending,,,
R28.002,R28,Card Implementation Testing,interaction tests.,false,RULE + QA,All milestones,certification tests,§6/§15,Meaningful per-card/interaction/keyword/regression and invariant/replay/fuzz suites for all admitted content.,planned_unverified,pending,pending,pending,,,
R28.003,R28,Card Implementation Testing,regression tests.,false,RULE + QA,All milestones,certification tests,§6/§15,Meaningful per-card/interaction/keyword/regression and invariant/replay/fuzz suites for all admitted content.,planned_unverified,pending,pending,pending,,,
R28.004,R28,Card Implementation Testing,keyword tests.,false,RULE + QA,All milestones,certification tests,§6/§15,Meaningful per-card/interaction/keyword/regression and invariant/replay/fuzz suites for all admitted content.,planned_unverified,pending,pending,pending,,,
R28.005,R28,Card Implementation Testing,rules tests.,false,RULE + QA,All milestones,certification tests,§6/§15,Meaningful per-card/interaction/keyword/regression and invariant/replay/fuzz suites for all admitted content.,planned_unverified,pending,pending,pending,,,
R28.006,R28,Card Implementation Testing,infinite-loop detection.,false,RULE + QA,All milestones,certification tests,§6/§15,Meaningful per-card/interaction/keyword/regression and invariant/replay/fuzz suites for all admitted content.,planned_unverified,pending,pending,pending,,,
R28.007,R28,Card Implementation Testing,invalid-state detection.,false,RULE + QA,All milestones,certification tests,§6/§15,Meaningful per-card/interaction/keyword/regression and invariant/replay/fuzz suites for all admitted content.,planned_unverified,pending,pending,pending,,,
R28.008,R28,Card Implementation Testing,deterministic replay validation.,false,RULE + QA,All milestones,certification tests,§6/§15,Meaningful per-card/interaction/keyword/regression and invariant/replay/fuzz suites for all admitted content.,planned_unverified,pending,pending,pending,,,
R28.009,R28,Card Implementation Testing,simulation fuzzing.,false,RULE + QA,All milestones,certification tests,§6/§15,Meaningful per-card/interaction/keyword/regression and invariant/replay/fuzz suites for all admitted content.,planned_unverified,pending,pending,pending,,,
R28.010,R28,Card Implementation Testing,new-set compatibility suite.,false,RULE + QA,All milestones,certification tests,§6/§15,Meaningful per-card/interaction/keyword/regression and invariant/replay/fuzz suites for all admitted content.,planned_unverified,pending,pending,pending,,,
R28.011,R28,Card Implementation Testing,automatically run every card against general rules scenarios.,false,RULE + QA,All milestones,certification tests,§6/§15,Meaningful per-card/interaction/keyword/regression and invariant/replay/fuzz suites for all admitted content.,planned_unverified,pending,pending,pending,,,
R28.012,R28,Card Implementation Testing,card-script versioning.,false,RULE + QA,All milestones,certification tests,§6/§15,Meaningful per-card/interaction/keyword/regression and invariant/replay/fuzz suites for all admitted content.,planned_unverified,pending,pending,pending,,,
R29.001,R29,Game Integrity & Anti-Cheat,Server-authoritative rules.,false,OPS + PLAY + COMP,All milestones,integrity/security,§7/§13/§15,"Secure randomness, validated authority/visibility/clocks, abuse review and immutable investigation evidence.",planned_unverified,pending,pending,pending,,,
R29.002,R29,Game Integrity & Anti-Cheat,validated actions.,false,OPS + PLAY + COMP,All milestones,integrity/security,§7/§13/§15,"Secure randomness, validated authority/visibility/clocks, abuse review and immutable investigation evidence.",planned_unverified,pending,pending,pending,,,
R29.003,R29,Game Integrity & Anti-Cheat,secure shuffle.,false,OPS + PLAY + COMP,All milestones,integrity/security,§7/§13/§15,"Secure randomness, validated authority/visibility/clocks, abuse review and immutable investigation evidence.",planned_unverified,pending,pending,pending,,,
R29.004,R29,Game Integrity & Anti-Cheat,cryptographically strong randomness.,false,OPS + PLAY + COMP,All milestones,integrity/security,§7/§13/§15,"Secure randomness, validated authority/visibility/clocks, abuse review and immutable investigation evidence.",planned_unverified,pending,pending,pending,,,
R29.005,R29,Game Integrity & Anti-Cheat,hidden-information security.,false,OPS + PLAY + COMP,All milestones,integrity/security,§7/§13/§15,"Secure randomness, validated authority/visibility/clocks, abuse review and immutable investigation evidence.",planned_unverified,pending,pending,pending,,,
R29.006,R29,Game Integrity & Anti-Cheat,disconnect abuse detection.,false,OPS + PLAY + COMP,All milestones,integrity/security,§7/§13/§15,"Secure randomness, validated authority/visibility/clocks, abuse review and immutable investigation evidence.",planned_unverified,pending,pending,pending,,,
R29.007,R29,Game Integrity & Anti-Cheat,timer abuse protection.,false,OPS + PLAY + COMP,All milestones,integrity/security,§7/§13/§15,"Secure randomness, validated authority/visibility/clocks, abuse review and immutable investigation evidence.",planned_unverified,pending,pending,pending,,,
R29.008,R29,Game Integrity & Anti-Cheat,bot detection if necessary.,false,OPS + PLAY + COMP,All milestones,integrity/security,§7/§13/§15,"Secure randomness, validated authority/visibility/clocks, abuse review and immutable investigation evidence.",planned_unverified,pending,pending,pending,,,
R29.009,R29,Game Integrity & Anti-Cheat,match manipulation detection.,false,OPS + PLAY + COMP,All milestones,integrity/security,§7/§13/§15,"Secure randomness, validated authority/visibility/clocks, abuse review and immutable investigation evidence.",planned_unverified,pending,pending,pending,,,
R29.010,R29,Game Integrity & Anti-Cheat,ranked win-trading detection.,false,OPS + PLAY + COMP,All milestones,integrity/security,§7/§13/§15,"Secure randomness, validated authority/visibility/clocks, abuse review and immutable investigation evidence.",planned_unverified,pending,pending,pending,,,
R29.011,R29,Game Integrity & Anti-Cheat,tournament admin logs.,false,OPS + PLAY + COMP,All milestones,integrity/security,§7/§13/§15,"Secure randomness, validated authority/visibility/clocks, abuse review and immutable investigation evidence.",planned_unverified,pending,pending,pending,,,
R29.012,R29,Game Integrity & Anti-Cheat,audit trails.,false,OPS + PLAY + COMP,All milestones,integrity/security,§7/§13/§15,"Secure randomness, validated authority/visibility/clocks, abuse review and immutable investigation evidence.",planned_unverified,pending,pending,pending,,,
R30.001,R30,Accounts & Infrastructure,Authentication.,false,OPS + SOCIAL,M0–M6,accounts/operations,§5/§7/§8/§13/§14,"Verified recovery/guest/sync, load/versioning/backups/telemetry/maintenance and measured failure recovery.",planned_unverified,pending,pending,pending,,,
R30.002,R30,Accounts & Infrastructure,account recovery.,false,OPS + SOCIAL,M0–M6,accounts/operations,§5/§7/§8/§13/§14,"Verified recovery/guest/sync, load/versioning/backups/telemetry/maintenance and measured failure recovery.",planned_unverified,pending,pending,pending,,,
R30.003,R30,Accounts & Infrastructure,guest account.,false,OPS + SOCIAL,M0–M6,accounts/operations,§5/§7/§8/§13/§14,"Verified recovery/guest/sync, load/versioning/backups/telemetry/maintenance and measured failure recovery.",planned_unverified,pending,pending,pending,,,
R30.004,R30,Accounts & Infrastructure,persistent player data.,false,OPS + SOCIAL,M0–M6,accounts/operations,§5/§7/§8/§13/§14,"Verified recovery/guest/sync, load/versioning/backups/telemetry/maintenance and measured failure recovery.",planned_unverified,pending,pending,pending,,,
R30.005,R30,Accounts & Infrastructure,cloud deck storage.,false,OPS + SOCIAL,M0–M6,accounts/operations,§5/§7/§8/§13/§14,"Verified recovery/guest/sync, load/versioning/backups/telemetry/maintenance and measured failure recovery.",planned_unverified,pending,pending,pending,,,
R30.006,R30,Accounts & Infrastructure,collection storage.,false,OPS + SOCIAL,M0–M6,accounts/operations,§5/§7/§8/§13/§14,"Verified recovery/guest/sync, load/versioning/backups/telemetry/maintenance and measured failure recovery.",planned_unverified,pending,pending,pending,,,
R30.007,R30,Accounts & Infrastructure,cross-device syncing.,false,OPS + SOCIAL,M0–M6,accounts/operations,§5/§7/§8/§13/§14,"Verified recovery/guest/sync, load/versioning/backups/telemetry/maintenance and measured failure recovery.",planned_unverified,pending,pending,pending,,,
R30.008,R30,Accounts & Infrastructure,matchmaking servers.,false,OPS + SOCIAL,M0–M6,accounts/operations,§5/§7/§8/§13/§14,"Verified recovery/guest/sync, load/versioning/backups/telemetry/maintenance and measured failure recovery.",planned_unverified,pending,pending,pending,,,
R30.009,R30,Accounts & Infrastructure,game servers.,false,OPS + SOCIAL,M0–M6,accounts/operations,§5/§7/§8/§13/§14,"Verified recovery/guest/sync, load/versioning/backups/telemetry/maintenance and measured failure recovery.",planned_unverified,pending,pending,pending,,,
R30.010,R30,Accounts & Infrastructure,reconnect.,false,OPS + SOCIAL,M0–M6,accounts/operations,§5/§7/§8/§13/§14,"Verified recovery/guest/sync, load/versioning/backups/telemetry/maintenance and measured failure recovery.",planned_unverified,pending,pending,pending,,,
R30.011,R30,Accounts & Infrastructure,load balancing.,false,OPS + SOCIAL,M0–M6,accounts/operations,§5/§7/§8/§13/§14,"Verified recovery/guest/sync, load/versioning/backups/telemetry/maintenance and measured failure recovery.",planned_unverified,pending,pending,pending,,,
R30.012,R30,Accounts & Infrastructure,database backups.,false,OPS + SOCIAL,M0–M6,accounts/operations,§5/§7/§8/§13/§14,"Verified recovery/guest/sync, load/versioning/backups/telemetry/maintenance and measured failure recovery.",planned_unverified,pending,pending,pending,,,
R30.013,R30,Accounts & Infrastructure,telemetry.,false,OPS + SOCIAL,M0–M6,accounts/operations,§5/§7/§8/§13/§14,"Verified recovery/guest/sync, load/versioning/backups/telemetry/maintenance and measured failure recovery.",planned_unverified,pending,pending,pending,,,
R30.014,R30,Accounts & Infrastructure,crash reporting.,false,OPS + SOCIAL,M0–M6,accounts/operations,§5/§7/§8/§13/§14,"Verified recovery/guest/sync, load/versioning/backups/telemetry/maintenance and measured failure recovery.",planned_unverified,pending,pending,pending,,,
R30.015,R30,Accounts & Infrastructure,version compatibility.,false,OPS + SOCIAL,M0–M6,accounts/operations,§5/§7/§8/§13/§14,"Verified recovery/guest/sync, load/versioning/backups/telemetry/maintenance and measured failure recovery.",planned_unverified,pending,pending,pending,,,
R30.016,R30,Accounts & Infrastructure,maintenance mode.,false,OPS + SOCIAL,M0–M6,accounts/operations,§5/§7/§8/§13/§14,"Verified recovery/guest/sync, load/versioning/backups/telemetry/maintenance and measured failure recovery.",planned_unverified,pending,pending,pending,,,
R30.017,R30,Accounts & Infrastructure,live-service status.,false,OPS + SOCIAL,M0–M6,accounts/operations,§5/§7/§8/§13/§14,"Verified recovery/guest/sync, load/versioning/backups/telemetry/maintenance and measured failure recovery.",planned_unverified,pending,pending,pending,,,
R31.001,R31,Moderation & Administration,Reports.,false,SOCIAL + OPS,M2–M6,moderation/admin,§13,Scoped cases/actions/appeals and audited grants/compensation/investigation; no unscoped privileged access.,planned_unverified,pending,pending,pending,,,
R31.002,R31,Moderation & Administration,bans.,false,SOCIAL + OPS,M2–M6,moderation/admin,§13,Scoped cases/actions/appeals and audited grants/compensation/investigation; no unscoped privileged access.,planned_unverified,pending,pending,pending,,,
R31.003,R31,Moderation & Administration,suspensions.,false,SOCIAL + OPS,M2–M6,moderation/admin,§13,Scoped cases/actions/appeals and audited grants/compensation/investigation; no unscoped privileged access.,planned_unverified,pending,pending,pending,,,
R31.004,R31,Moderation & Administration,mute.,false,SOCIAL + OPS,M2–M6,moderation/admin,§13,Scoped cases/actions/appeals and audited grants/compensation/investigation; no unscoped privileged access.,planned_unverified,pending,pending,pending,,,
R31.005,R31,Moderation & Administration,username moderation.,false,SOCIAL + OPS,M2–M6,moderation/admin,§13,Scoped cases/actions/appeals and audited grants/compensation/investigation; no unscoped privileged access.,planned_unverified,pending,pending,pending,,,
R31.006,R31,Moderation & Administration,chat moderation.,false,SOCIAL + OPS,M2–M6,moderation/admin,§13,Scoped cases/actions/appeals and audited grants/compensation/investigation; no unscoped privileged access.,planned_unverified,pending,pending,pending,,,
R31.007,R31,Moderation & Administration,match investigation.,false,SOCIAL + OPS,M2–M6,moderation/admin,§13,Scoped cases/actions/appeals and audited grants/compensation/investigation; no unscoped privileged access.,planned_unverified,pending,pending,pending,,,
R31.008,R31,Moderation & Administration,account logs.,false,SOCIAL + OPS,M2–M6,moderation/admin,§13,Scoped cases/actions/appeals and audited grants/compensation/investigation; no unscoped privileged access.,planned_unverified,pending,pending,pending,,,
R31.009,R31,Moderation & Administration,tournament-admin permissions.,false,SOCIAL + OPS,M2–M6,moderation/admin,§13,Scoped cases/actions/appeals and audited grants/compensation/investigation; no unscoped privileged access.,planned_unverified,pending,pending,pending,,,
R31.010,R31,Moderation & Administration,judge permissions.,false,SOCIAL + OPS,M2–M6,moderation/admin,§13,Scoped cases/actions/appeals and audited grants/compensation/investigation; no unscoped privileged access.,planned_unverified,pending,pending,pending,,,
R31.011,R31,Moderation & Administration,administrator dashboard.,false,SOCIAL + OPS,M2–M6,moderation/admin,§13,Scoped cases/actions/appeals and audited grants/compensation/investigation; no unscoped privileged access.,planned_unverified,pending,pending,pending,,,
R31.012,R31,Moderation & Administration,economy adjustments.,false,SOCIAL + OPS,M2–M6,moderation/admin,§13,Scoped cases/actions/appeals and audited grants/compensation/investigation; no unscoped privileged access.,planned_unverified,pending,pending,pending,,,
R31.013,R31,Moderation & Administration,compensation/grant system after outages.,false,SOCIAL + OPS,M2–M6,moderation/admin,§13,Scoped cases/actions/appeals and audited grants/compensation/investigation; no unscoped privileged access.,planned_unverified,pending,pending,pending,,,
R32.001,R32,Developer / Debug Tools,Spawn any card.,false,RULE + PLAY,M1–M5,debug/scenarios,§6/§7/§12,Deterministic authoring/RNG/state tools and reproducible regressions isolated from competitive and economy authority.,planned_unverified,pending,pending,pending,,,
R32.002,R32,Developer / Debug Tools,manipulate zones.,false,RULE + PLAY,M1–M5,debug/scenarios,§6/§7/§12,Deterministic authoring/RNG/state tools and reproducible regressions isolated from competitive and economy authority.,planned_unverified,pending,pending,pending,,,
R32.003,R32,Developer / Debug Tools,set lore.,false,RULE + PLAY,M1–M5,debug/scenarios,§6/§7/§12,Deterministic authoring/RNG/state tools and reproducible regressions isolated from competitive and economy authority.,planned_unverified,pending,pending,pending,,,
R32.004,R32,Developer / Debug Tools,set ink.,false,RULE + PLAY,M1–M5,debug/scenarios,§6/§7/§12,Deterministic authoring/RNG/state tools and reproducible regressions isolated from competitive and economy authority.,planned_unverified,pending,pending,pending,,,
R32.005,R32,Developer / Debug Tools,set damage.,false,RULE + PLAY,M1–M5,debug/scenarios,§6/§7/§12,Deterministic authoring/RNG/state tools and reproducible regressions isolated from competitive and economy authority.,planned_unverified,pending,pending,pending,,,
R32.006,R32,Developer / Debug Tools,choose RNG outcomes.,false,RULE + PLAY,M1–M5,debug/scenarios,§6/§7/§12,Deterministic authoring/RNG/state tools and reproducible regressions isolated from competitive and economy authority.,planned_unverified,pending,pending,pending,,,
R32.007,R32,Developer / Debug Tools,force triggers.,false,RULE + PLAY,M1–M5,debug/scenarios,§6/§7/§12,Deterministic authoring/RNG/state tools and reproducible regressions isolated from competitive and economy authority.,planned_unverified,pending,pending,pending,,,
R32.008,R32,Developer / Debug Tools,inspect game-state JSON.,false,RULE + PLAY,M1–M5,debug/scenarios,§6/§7/§12,Deterministic authoring/RNG/state tools and reproducible regressions isolated from competitive and economy authority.,planned_unverified,pending,pending,pending,,,
R32.009,R32,Developer / Debug Tools,inspect event stack.,false,RULE + PLAY,M1–M5,debug/scenarios,§6/§7/§12,Deterministic authoring/RNG/state tools and reproducible regressions isolated from competitive and economy authority.,planned_unverified,pending,pending,pending,,,
R32.010,R32,Developer / Debug Tools,view hidden zones.,false,RULE + PLAY,M1–M5,debug/scenarios,§6/§7/§12,Deterministic authoring/RNG/state tools and reproducible regressions isolated from competitive and economy authority.,planned_unverified,pending,pending,pending,,,
R32.011,R32,Developer / Debug Tools,replay individual actions.,false,RULE + PLAY,M1–M5,debug/scenarios,§6/§7/§12,Deterministic authoring/RNG/state tools and reproducible regressions isolated from competitive and economy authority.,planned_unverified,pending,pending,pending,,,
R32.012,R32,Developer / Debug Tools,simulate turns.,false,RULE + PLAY,M1–M5,debug/scenarios,§6/§7/§12,Deterministic authoring/RNG/state tools and reproducible regressions isolated from competitive and economy authority.,planned_unverified,pending,pending,pending,,,
R32.013,R32,Developer / Debug Tools,load predefined test scenarios.,false,RULE + PLAY,M1–M5,debug/scenarios,§6/§7/§12,Deterministic authoring/RNG/state tools and reproducible regressions isolated from competitive and economy authority.,planned_unverified,pending,pending,pending,,,
R32.014,R32,Developer / Debug Tools,automated card-interaction testing.,false,RULE + PLAY,M1–M5,debug/scenarios,§6/§7/§12,Deterministic authoring/RNG/state tools and reproducible regressions isolated from competitive and economy authority.,planned_unverified,pending,pending,pending,,,
R33.001,R33,Public API / Data Layer,card API.,true,ARC + OPS,M6 optional,public ecosystem,§10/§13,"If selected: versioned audience-specific schemas, auth/quotas/docs and signed retried safe webhooks.",planned_unverified,pending,pending,pending,,,
R33.002,R33,Public API / Data Layer,deck API.,true,ARC + OPS,M6 optional,public ecosystem,§10/§13,"If selected: versioned audience-specific schemas, auth/quotas/docs and signed retried safe webhooks.",planned_unverified,pending,pending,pending,,,
R33.003,R33,Public API / Data Layer,tournament API.,true,ARC + OPS,M6 optional,public ecosystem,§10/§13,"If selected: versioned audience-specific schemas, auth/quotas/docs and signed retried safe webhooks.",planned_unverified,pending,pending,pending,,,
R33.004,R33,Public API / Data Layer,leaderboard API.,true,ARC + OPS,M6 optional,public ecosystem,§10/§13,"If selected: versioned audience-specific schemas, auth/quotas/docs and signed retried safe webhooks.",planned_unverified,pending,pending,pending,,,
R33.005,R33,Public API / Data Layer,match-history API.,true,ARC + OPS,M6 optional,public ecosystem,§10/§13,"If selected: versioned audience-specific schemas, auth/quotas/docs and signed retried safe webhooks.",planned_unverified,pending,pending,pending,,,
R33.006,R33,Public API / Data Layer,metadata/version API.,true,ARC + OPS,M6 optional,public ecosystem,§10/§13,"If selected: versioned audience-specific schemas, auth/quotas/docs and signed retried safe webhooks.",planned_unverified,pending,pending,pending,,,
R33.007,R33,Public API / Data Layer,rules API.,true,ARC + OPS,M6 optional,public ecosystem,§10/§13,"If selected: versioned audience-specific schemas, auth/quotas/docs and signed retried safe webhooks.",planned_unverified,pending,pending,pending,,,
R33.008,R33,Public API / Data Layer,public vs authenticated endpoints.,true,ARC + OPS,M6 optional,public ecosystem,§10/§13,"If selected: versioned audience-specific schemas, auth/quotas/docs and signed retried safe webhooks.",planned_unverified,pending,pending,pending,,,
R33.009,R33,Public API / Data Layer,rate limiting.,true,ARC + OPS,M6 optional,public ecosystem,§10/§13,"If selected: versioned audience-specific schemas, auth/quotas/docs and signed retried safe webhooks.",planned_unverified,pending,pending,pending,,,
R33.010,R33,Public API / Data Layer,API versioning.,true,ARC + OPS,M6 optional,public ecosystem,§10/§13,"If selected: versioned audience-specific schemas, auth/quotas/docs and signed retried safe webhooks.",planned_unverified,pending,pending,pending,,,
R33.011,R33,Public API / Data Layer,webhooks for tournaments/events.,true,ARC + OPS,M6 optional,public ecosystem,§10/§13,"If selected: versioned audience-specific schemas, auth/quotas/docs and signed retried safe webhooks.",planned_unverified,pending,pending,pending,,,
